Category: 📺央视频道, Name: CCTV-1, Total: 61, Valid: 16, Valid Percent: 26.23%, Whitelist: 0, IPv4: 16, IPv6: 45, Min Delay: 109 ms, Max Speed: 11.69 M/s, Avg Speed: 7.72 M/s, Max Resolution: 1920x1080
Category: 📺央视频道, Name: CCTV-2, Total: 61, Valid: 13, Valid Percent: 21.31%, Whitelist: 0, IPv4: 13, IPv6: 48, Min Delay: 90 ms, Max Speed: 15.77 M/s, Avg Speed: 8.88 M/s, Max Resolution: 1920x1080
Category: 📺央视频道, Name: CCTV-3, Total: 61, Valid: 7, Valid Percent: 11.48%, Whitelist: 0, IPv4: 7, IPv6: 54, Min Delay: 74 ms, Max Speed: 15.51 M/s, Avg Speed: 11.87 M/s, Max Resolution: 1920x1080
Category: 📺央视频道, Name: CCTV-4, Total: 126, Valid: 16, Valid Percent: 12.70%, Whitelist: 0, IPv4: 16, IPv6: 110, Min Delay: 78 ms, Max Speed: 14.87 M/s, Avg Speed: 9.31 M/s, Max Resolution: 1920x1080
Category: 📺央视频道, Name: CCTV-5, Total: 112, Valid: 10, Valid Percent: 8.93%, Whitelist: 0, IPv4: 10, IPv6: 102, Min Delay: 94 ms, Max Speed: 14.71 M/s, Avg Speed: 10.75 M/s, Max Resolution: 1920x1080
Category: 📺央视频道, Name: CCTV-5+, Total: 15, Valid: 3, Valid Percent: 20.00%, Whitelist: 0, IPv4: 3, IPv6: 12, Min Delay: 105 ms, Max Speed: 9.98 M/s, Avg Speed: 9.49 M/s, Max Resolution: 1920x1080
Category: 📺央视频道, Name: CCTV-6, Total: 63, Valid: 14, Valid Percent: 22.22%, Whitelist: 0, IPv4: 14, IPv6: 49, Min Delay: 52 ms, Max Speed: 19.82 M/s, Avg Speed: 11.43 M/s, Max Resolution: 1920x1080
Category: 📺央视频道, Name: CCTV-7, Total: 48, Valid: 8, Valid Percent: 16.67%, Whitelist: 0, IPv4: 8, IPv6: 40, Min Delay: 40 ms, Max Speed: 25.89 M/s, Avg Speed: 14.30 M/s, Max Resolution: 1920x1080
Category: 📺央视频道, Name: CCTV-8, Total: 58, Valid: 15, Valid Percent: 25.86%, Whitelist: 0, IPv4: 15, IPv6: 43, Min Delay: 51 ms, Max Speed: 21.33 M/s, Avg Speed: 13.56 M/s, Max Resolution: 1920x1080
Category: 📺央视频道, Name: CCTV-9, Total: 49, Valid: 7, Valid Percent: 14.29%, Whitelist: 0, IPv4: 7, IPv6: 42, Min Delay: 43 ms, Max Speed: 22.14 M/s, Avg Speed: 13.57 M/s, Max Resolution: 1920x1080
Category: 📺央视频道, Name: CCTV-10, Total: 63, Valid: 10, Valid Percent: 15.87%, Whitelist: 0, IPv4: 10, IPv6: 53, Min Delay: 43 ms, Max Speed: 23.88 M/s, Avg Speed: 14.18 M/s, Max Resolution: 1920x1080
Category: 📺央视频道, Name: CCTV-11, Total: 64, Valid: 8, Valid Percent: 12.50%, Whitelist: 0, IPv4: 8, IPv6: 56, Min Delay: 44 ms, Max Speed: 27.55 M/s, Avg Speed: 15.55 M/s, Max Resolution: 1920x1080
Category: 📺央视频道, Name: CCTV-12, Total: 64, Valid: 8, Valid Percent: 12.50%, Whitelist: 0, IPv4: 8, IPv6: 56, Min Delay: 40 ms, Max Speed: 25.46 M/s, Avg Speed: 18.41 M/s, Max Resolution: 1920x1080
Category: 📺央视频道, Name: CCTV-13, Total: 77, Valid: 13, Valid Percent: 16.88%, Whitelist: 0, IPv4: 13, IPv6: 64, Min Delay: 44 ms, Max Speed: 24.55 M/s, Avg Speed: 13.78 M/s, Max Resolution: 1920x1080
Category: 📺央视频道, Name: CCTV-14, Total: 63, Valid: 7, Valid Percent: 11.11%, Whitelist: 0, IPv4: 7, IPv6: 56, Min Delay: 78 ms, Max Speed: 13.94 M/s, Avg Speed: 10.65 M/s, Max Resolution: 1920x1080
Category: 📺央视频道, Name: CCTV-15, Total: 62, Valid: 6, Valid Percent: 9.68%, Whitelist: 0, IPv4: 6, IPv6: 56, Min Delay: 63 ms, Max Speed: 20.11 M/s, Avg Speed: 13.48 M/s, Max Resolution: 1920x1080
Category: 📺央视频道, Name: CCTV-16, Total: 21, Valid: 4, Valid Percent: 19.05%, Whitelist: 0, IPv4: 4, IPv6: 17, Min Delay: 67 ms, Max Speed: 17.92 M/s, Avg Speed: 12.01 M/s, Max Resolution: 1920x1080
Category: 📺央视频道, Name: CCTV-17, Total: 57, Valid: 6, Valid Percent: 10.53%, Whitelist: 0, IPv4: 6, IPv6: 51, Min Delay: 72 ms, Max Speed: 15.58 M/s, Avg Speed: 12.24 M/s, Max Resolution: 1920x1080
Category: 📺央视频道, Name: CETV-1, Total: 45, Valid: 1, Valid Percent: 2.22%, Whitelist: 0, IPv4: 1, IPv6: 44, Min Delay: 79 ms, Max Speed: 15.25 M/s, Avg Speed: 15.25 M/s, Max Resolution: 1920x1080
Category: 📺央视频道, Name: CETV-2, Total: 43, Valid: 1, Valid Percent: 2.33%, Whitelist: 0, IPv4: 1, IPv6: 42, Min Delay: 76 ms, Max Speed: 16.67 M/s, Avg Speed: 16.67 M/s, Max Resolution: 1920x1080
Category: 📺央视频道, Name: CETV-3, Total: 6, Valid: 0, Valid Percent: 0.00%, Whitelist: 0, IPv4: 0, IPv6: 6, Min Delay: -1 ms, Max Speed: 0.00 M/s, Avg Speed: 0.00 M/s, Max Resolution: None
Category: 📺央视频道, Name: CETV-4, Total: 43, Valid: 1, Valid Percent: 2.33%, Whitelist: 0, IPv4: 1, IPv6: 42, Min Delay: 76 ms, Max Speed: 13.61 M/s, Avg Speed: 13.61 M/s, Max Resolution: 1920x1080
Category: 💰央视付费频道, Name: 文化精品, Total: 3, Valid: 1, Valid Percent: 33.33%, Whitelist: 0, IPv4: 1, IPv6: 2, Min Delay: 677 ms, Max Speed: 5.69 M/s, Avg Speed: 5.69 M/s, Max Resolution: 1920x1080
Category: 💰央视付费频道, Name: 央视台球, Total: 4, Valid: 1, Valid Percent: 25.00%, Whitelist: 0, IPv4: 1, IPv6: 3, Min Delay: 489 ms, Max Speed: 8.64 M/s, Avg Speed: 8.64 M/s, Max Resolution: 1920x1080
Category: 💰央视付费频道, Name: 风云音乐, Total: 3, Valid: 1, Valid Percent: 33.33%, Whitelist: 0, IPv4: 1, IPv6: 2, Min Delay: 471 ms, Max Speed: 8.05 M/s, Avg Speed: 8.05 M/s, Max Resolution: 1920x1080
Category: 💰央视付费频道, Name: 第一剧场, Total: 7, Valid: 1, Valid Percent: 14.29%, Whitelist: 0, IPv4: 1, IPv6: 6, Min Delay: 436 ms, Max Speed: 0.08 M/s, Avg Speed: 0.08 M/s, Max Resolution: 1920x1080
Category: 💰央视付费频道, Name: 风云剧场, Total: 3, Valid: 1, Valid Percent: 33.33%, Whitelist: 0, IPv4: 1, IPv6: 2, Min Delay: 486 ms, Max Speed: 9.17 M/s, Avg Speed: 9.17 M/s, Max Resolution: 1920x1080
Category: 💰央视付费频道, Name: 怀旧剧场, Total: 3, Valid: 1, Valid Percent: 33.33%, Whitelist: 0, IPv4: 1, IPv6: 2, Min Delay: 436 ms, Max Speed: 0.05 M/s, Avg Speed: 0.05 M/s, Max Resolution: 1920x1080
Category: 💰央视付费频道, Name: 女性时尚, Total: 1, Valid: 0, Valid Percent: 0.00%, Whitelist: 0, IPv4: 0, IPv6: 1, Min Delay: -1 ms, Max Speed: 0.00 M/s, Avg Speed: 0.00 M/s, Max Resolution: None
Category: 💰央视付费频道, Name: 高尔夫网球, Total: 3, Valid: 1, Valid Percent: 33.33%, Whitelist: 0, IPv4: 1, IPv6: 2, Min Delay: 536 ms, Max Speed: 6.93 M/s, Avg Speed: 6.93 M/s, Max Resolution: 1920x1080
Category: 💰央视付费频道, Name: 风云足球, Total: 5, Valid: 1, Valid Percent: 20.00%, Whitelist: 0, IPv4: 1, IPv6: 4, Min Delay: 468 ms, Max Speed: 8.91 M/s, Avg Speed: 8.91 M/s, Max Resolution: 1920x1080
Category: 💰央视付费频道, Name: 电视指南, Total: 2, Valid: 1, Valid Percent: 50.00%, Whitelist: 0, IPv4: 1, IPv6: 1, Min Delay: 419 ms, Max Speed: 0.16 M/s, Avg Speed: 0.16 M/s, Max Resolution: 1920x1080
Category: 💰央视付费频道, Name: 世界地理, Total: 1, Valid: 1, Valid Percent: 100.00%, Whitelist: 0, IPv4: 1, IPv6: 0, Min Delay: 491 ms, Max Speed: 8.58 M/s, Avg Speed: 8.58 M/s, Max Resolution: 1920x1080
Category: 💰央视付费频道, Name: 兵器科技, Total: 3, Valid: 1, Valid Percent: 33.33%, Whitelist: 0, IPv4: 1, IPv6: 2, Min Delay: 440 ms, Max Speed: 0.03 M/s, Avg Speed: 0.03 M/s, Max Resolution: 1920x1080
Category: 📡卫视频道, Name: 广东卫视, Total: 59, Valid: 4, Valid Percent: 6.78%, Whitelist: 0, IPv4: 4, IPv6: 55, Min Delay: 32 ms, Max Speed: 35.41 M/s, Avg Speed: 26.71 M/s, Max Resolution: 1920x1080
Category: 📡卫视频道, Name: 香港卫视, Total: 12, Valid: 0, Valid Percent: 0.00%, Whitelist: 0, IPv4: 0, IPv6: 12, Min Delay: -1 ms, Max Speed: 0.00 M/s, Avg Speed: 0.00 M/s, Max Resolution: None
Category: 📡卫视频道, Name: 浙江卫视, Total: 96, Valid: 14, Valid Percent: 14.58%, Whitelist: 0, IPv4: 14, IPv6: 82, Min Delay: 25 ms, Max Speed: 42.03 M/s, Avg Speed: 30.99 M/s, Max Resolution: 1920x1080
Category: 📡卫视频道, Name: 湖南卫视, Total: 68, Valid: 4, Valid Percent: 5.88%, Whitelist: 0, IPv4: 4, IPv6: 64, Min Delay: 27 ms, Max Speed: 39.68 M/s, Avg Speed: 28.57 M/s, Max Resolution: 1920x1080
Category: 📡卫视频道, Name: 北京卫视, Total: 65, Valid: 4, Valid Percent: 6.15%, Whitelist: 0, IPv4: 4, IPv6: 61, Min Delay: 29 ms, Max Speed: 37.51 M/s, Avg Speed: 19.56 M/s, Max Resolution: 1920x1080
Category: 📡卫视频道, Name: 湖北卫视, Total: 51, Valid: 3, Valid Percent: 5.88%, Whitelist: 0, IPv4: 3, IPv6: 48, Min Delay: 39 ms, Max Speed: 29.17 M/s, Avg Speed: 20.67 M/s, Max Resolution: 1920x1080
Category: 📡卫视频道, Name: 黑龙江卫视, Total: 23, Valid: 5, Valid Percent: 21.74%, Whitelist: 0, IPv4: 5, IPv6: 18, Min Delay: 33 ms, Max Speed: 32.77 M/s, Avg Speed: 22.78 M/s, Max Resolution: 1920x1080
Category: 📡卫视频道, Name: 安徽卫视, Total: 19, Valid: 1, Valid Percent: 5.26%, Whitelist: 0, IPv4: 1, IPv6: 18, Min Delay: 32 ms, Max Speed: 31.52 M/s, Avg Speed: 31.52 M/s, Max Resolution: 1920x1080
Category: 📡卫视频道, Name: 重庆卫视, Total: 17, Valid: 2, Valid Percent: 11.76%, Whitelist: 0, IPv4: 2, IPv6: 15, Min Delay: 30 ms, Max Speed: 35.19 M/s, Avg Speed: 19.91 M/s, Max Resolution: 1920x1080
Category: 📡卫视频道, Name: 东方卫视, Total: 68, Valid: 6, Valid Percent: 8.82%, Whitelist: 0, IPv4: 6, IPv6: 62, Min Delay: 35 ms, Max Speed: 31.36 M/s, Avg Speed: 23.36 M/s, Max Resolution: 3840x2160
Category: 📡卫视频道, Name: 东南卫视, Total: 22, Valid: 3, Valid Percent: 13.64%, Whitelist: 0, IPv4: 3, IPv6: 19, Min Delay: 56 ms, Max Speed: 20.33 M/s, Avg Speed: 15.23 M/s, Max Resolution: 1920x1080
Category: 📡卫视频道, Name: 甘肃卫视, Total: 19, Valid: 4, Valid Percent: 21.05%, Whitelist: 0, IPv4: 4, IPv6: 15, Min Delay: 33 ms, Max Speed: 32.92 M/s, Avg Speed: 20.05 M/s, Max Resolution: 1920x1080
Category: 📡卫视频道, Name: 广西卫视, Total: 19, Valid: 4, Valid Percent: 21.05%, Whitelist: 0, IPv4: 4, IPv6: 15, Min Delay: 64 ms, Max Speed: 19.03 M/s, Avg Speed: 14.27 M/s, Max Resolution: 1920x1080
Category: 📡卫视频道, Name: 贵州卫视, Total: 20, Valid: 5, Valid Percent: 25.00%, Whitelist: 0, IPv4: 5, IPv6: 15, Min Delay: 40 ms, Max Speed: 23.57 M/s, Avg Speed: 19.70 M/s, Max Resolution: 1920x1080
Category: 📡卫视频道, Name: 海南卫视, Total: 86, Valid: 4, Valid Percent: 4.65%, Whitelist: 0, IPv4: 4, IPv6: 82, Min Delay: 88 ms, Max Speed: 13.18 M/s, Avg Speed: 11.38 M/s, Max Resolution: 1920x1080
Category: 📡卫视频道, Name: 河北卫视, Total: 24, Valid: 5, Valid Percent: 20.83%, Whitelist: 0, IPv4: 5, IPv6: 19, Min Delay: 71 ms, Max Speed: 15.53 M/s, Avg Speed: 11.72 M/s, Max Resolution: 1920x1080
Category: 📡卫视频道, Name: 河南卫视, Total: 61, Valid: 6, Valid Percent: 9.84%, Whitelist: 0, IPv4: 6, IPv6: 55, Min Delay: 62 ms, Max Speed: 16.59 M/s, Avg Speed: 10.46 M/s, Max Resolution: 1920x1080
Category: 📡卫视频道, Name: 吉林卫视, Total: 54, Valid: 8, Valid Percent: 14.81%, Whitelist: 0, IPv4: 8, IPv6: 46, Min Delay: 70 ms, Max Speed: 15.99 M/s, Avg Speed: 10.76 M/s, Max Resolution: 1920x1080
Category: 📡卫视频道, Name: 江苏卫视, Total: 62, Valid: 10, Valid Percent: 16.13%, Whitelist: 0, IPv4: 10, IPv6: 52, Min Delay: 37 ms, Max Speed: 29.36 M/s, Avg Speed: 11.47 M/s, Max Resolution: 1920x1080
Category: 📡卫视频道, Name: 江西卫视, Total: 55, Valid: 5, Valid Percent: 9.09%, Whitelist: 0, IPv4: 5, IPv6: 50, Min Delay: 73 ms, Max Speed: 14.32 M/s, Avg Speed: 11.75 M/s, Max Resolution: 1920x1080
Category: 📡卫视频道, Name: 辽宁卫视, Total: 54, Valid: 3, Valid Percent: 5.56%, Whitelist: 0, IPv4: 3, IPv6: 51, Min Delay: 78 ms, Max Speed: 13.80 M/s, Avg Speed: 12.39 M/s, Max Resolution: 1920x1080
Category: 📡卫视频道, Name: 内蒙古卫视, Total: 50, Valid: 4, Valid Percent: 8.00%, Whitelist: 0, IPv4: 4, IPv6: 46, Min Delay: 73 ms, Max Speed: 15.96 M/s, Avg Speed: 9.95 M/s, Max Resolution: 1920x1080
Category: 📡卫视频道, Name: 宁夏卫视, Total: 46, Valid: 5, Valid Percent: 10.87%, Whitelist: 0, IPv4: 5, IPv6: 41, Min Delay: 85 ms, Max Speed: 13.86 M/s, Avg Speed: 11.71 M/s, Max Resolution: 1920x1080
Category: 📡卫视频道, Name: 青海卫视, Total: 52, Valid: 5, Valid Percent: 9.62%, Whitelist: 0, IPv4: 5, IPv6: 47, Min Delay: 66 ms, Max Speed: 18.28 M/s, Avg Speed: 12.93 M/s, Max Resolution: 1920x1080
Category: 📡卫视频道, Name: 山东卫视, Total: 23, Valid: 6, Valid Percent: 26.09%, Whitelist: 0, IPv4: 6, IPv6: 17, Min Delay: 42 ms, Max Speed: 23.97 M/s, Avg Speed: 14.91 M/s, Max Resolution: 1920x1080
Category: 📡卫视频道, Name: 山西卫视, Total: 17, Valid: 4, Valid Percent: 23.53%, Whitelist: 0, IPv4: 4, IPv6: 13, Min Delay: 46 ms, Max Speed: 23.91 M/s, Avg Speed: 14.31 M/s, Max Resolution: 1920x1080
Category: 📡卫视频道, Name: 陕西卫视, Total: 48, Valid: 4, Valid Percent: 8.33%, Whitelist: 0, IPv4: 4, IPv6: 44, Min Delay: 44 ms, Max Speed: 23.51 M/s, Avg Speed: 17.12 M/s, Max Resolution: 1920x1080
Category: 📡卫视频道, Name: 四川卫视, Total: 24, Valid: 5, Valid Percent: 20.83%, Whitelist: 0, IPv4: 5, IPv6: 19, Min Delay: 41 ms, Max Speed: 26.64 M/s, Avg Speed: 13.30 M/s, Max Resolution: 1920x1080
Category: 📡卫视频道, Name: 深圳卫视, Total: 29, Valid: 6, Valid Percent: 20.69%, Whitelist: 0, IPv4: 6, IPv6: 23, Min Delay: 34 ms, Max Speed: 31.39 M/s, Avg Speed: 12.42 M/s, Max Resolution: 1920x1080
Category: 📡卫视频道, Name: 三沙卫视, Total: 42, Valid: 4, Valid Percent: 9.52%, Whitelist: 0, IPv4: 4, IPv6: 38, Min Delay: 37 ms, Max Speed: 30.16 M/s, Avg Speed: 18.97 M/s, Max Resolution: 1920x1080
Category: 📡卫视频道, Name: 天津卫视, Total: 20, Valid: 3, Valid Percent: 15.00%, Whitelist: 0, IPv4: 3, IPv6: 17, Min Delay: 36 ms, Max Speed: 30.45 M/s, Avg Speed: 19.53 M/s, Max Resolution: 1920x1080
Category: 📡卫视频道, Name: 西藏卫视, Total: 8, Valid: 3, Valid Percent: 37.50%, Whitelist: 0, IPv4: 3, IPv6: 5, Min Delay: 71 ms, Max Speed: 17.74 M/s, Avg Speed: 14.60 M/s, Max Resolution: 1920x1080
Category: 📡卫视频道, Name: 新疆卫视, Total: 18, Valid: 3, Valid Percent: 16.67%, Whitelist: 0, IPv4: 3, IPv6: 15, Min Delay: 71 ms, Max Speed: 15.86 M/s, Avg Speed: 15.03 M/s, Max Resolution: 1920x1080
Category: 📡卫视频道, Name: 云南卫视, Total: 17, Valid: 4, Valid Percent: 23.53%, Whitelist: 0, IPv4: 4, IPv6: 13, Min Delay: 55 ms, Max Speed: 18.59 M/s, Avg Speed: 14.43 M/s, Max Resolution: 1920x1080
Category: ☘️广东频道, Name: 广东珠江, Total: 56, Valid: 0, Valid Percent: 0.00%, Whitelist: 0, IPv4: 0, IPv6: 56, Min Delay: -1 ms, Max Speed: 0.00 M/s, Avg Speed: 0.00 M/s, Max Resolution: None
Category: ☘️广东频道, Name: 广东体育, Total: 96, Valid: 0, Valid Percent: 0.00%, Whitelist: 0, IPv4: 0, IPv6: 96, Min Delay: -1 ms, Max Speed: 0.00 M/s, Avg Speed: 0.00 M/s, Max Resolution: None
Category: ☘️广东频道, Name: 广东新闻, Total: 54, Valid: 0, Valid Percent: 0.00%, Whitelist: 0, IPv4: 0, IPv6: 54, Min Delay: -1 ms, Max Speed: 0.00 M/s, Avg Speed: 0.00 M/s, Max Resolution: None
Category: ☘️广东频道, Name: 广东卫视, Total: 55, Valid: 0, Valid Percent: 0.00%, Whitelist: 0, IPv4: 0, IPv6: 55, Min Delay: -1 ms, Max Speed: 0.00 M/s, Avg Speed: 0.00 M/s, Max Resolution: None
Category: ☘️广东频道, Name: 广东民生, Total: 49, Valid: 0, Valid Percent: 0.00%, Whitelist: 0, IPv4: 0, IPv6: 49, Min Delay: -1 ms, Max Speed: 0.00 M/s, Avg Speed: 0.00 M/s, Max Resolution: None
Category: ☘️广东频道, Name: 大湾区卫视, Total: 46, Valid: 3, Valid Percent: 6.52%, Whitelist: 0, IPv4: 3, IPv6: 43, Min Delay: 51 ms, Max Speed: 22.78 M/s, Avg Speed: 20.76 M/s, Max Resolution: 1920x1080
Category: ☘️广东频道, Name: 广州综合, Total: 21, Valid: 0, Valid Percent: 0.00%, Whitelist: 0, IPv4: 0, IPv6: 21, Min Delay: -1 ms, Max Speed: 0.00 M/s, Avg Speed: 0.00 M/s, Max Resolution: None
Category: ☘️广东频道, Name: 广州影视, Total: 7, Valid: 0, Valid Percent: 0.00%, Whitelist: 0, IPv4: 0, IPv6: 7, Min Delay: -1 ms, Max Speed: 0.00 M/s, Avg Speed: 0.00 M/s, Max Resolution: None
Category: ☘️广东频道, Name: 广州竞赛, Total: 10, Valid: 0, Valid Percent: 0.00%, Whitelist: 0, IPv4: 0, IPv6: 10, Min Delay: -1 ms, Max Speed: 0.00 M/s, Avg Speed: 0.00 M/s, Max Resolution: None
Category: ☘️广东频道, Name: 江门综合, Total: 8, Valid: 0, Valid Percent: 0.00%, Whitelist: 0, IPv4: 0, IPv6: 8, Min Delay: -1 ms, Max Speed: 0.00 M/s, Avg Speed: 0.00 M/s, Max Resolution: None
Category: ☘️广东频道, Name: 佛山综合, Total: 8, Valid: 0, Valid Percent: 0.00%, Whitelist: 0, IPv4: 0, IPv6: 8, Min Delay: -1 ms, Max Speed: 0.00 M/s, Avg Speed: 0.00 M/s, Max Resolution: None
Category: ☘️广东频道, Name: 深圳卫视, Total: 23, Valid: 0, Valid Percent: 0.00%, Whitelist: 0, IPv4: 0, IPv6: 23, Min Delay: -1 ms, Max Speed: 0.00 M/s, Avg Speed: 0.00 M/s, Max Resolution: None
Category: ☘️广东频道, Name: 汕头综合, Total: 9, Valid: 0, Valid Percent: 0.00%, Whitelist: 0, IPv4: 0, IPv6: 9, Min Delay: -1 ms, Max Speed: 0.00 M/s, Avg Speed: 0.00 M/s, Max Resolution: None
Category: ☘️广东频道, Name: 汕头经济, Total: 6, Valid: 0, Valid Percent: 0.00%, Whitelist: 0, IPv4: 0, IPv6: 6, Min Delay: -1 ms, Max Speed: 0.00 M/s, Avg Speed: 0.00 M/s, Max Resolution: None
Category: ☘️浙江频道, Name: 浙江钱江, Total: 4, Valid: 1, Valid Percent: 25.00%, Whitelist: 0, IPv4: 1, IPv6: 3, Min Delay: 1628 ms, Max Speed: 1.15 M/s, Avg Speed: 1.15 M/s, Max Resolution: 1920x1080
Category: ☘️浙江频道, Name: 浙江钱江都市, Total: 4, Valid: 1, Valid Percent: 25.00%, Whitelist: 0, IPv4: 1, IPv6: 3, Min Delay: 60 ms, Max Speed: 28.43 M/s, Avg Speed: 28.43 M/s, Max Resolution: 1920x1080
Category: ☘️浙江频道, Name: 浙江生活, Total: 7, Valid: 3, Valid Percent: 42.86%, Whitelist: 0, IPv4: 3, IPv6: 4, Min Delay: 1439 ms, Max Speed: 1.29 M/s, Avg Speed: 1.23 M/s, Max Resolution: 1920x1080
Category: ☘️浙江频道, Name: 浙江经济生活, Total: 4, Valid: 1, Valid Percent: 25.00%, Whitelist: 0, IPv4: 1, IPv6: 3, Min Delay: 57 ms, Max Speed: 30.35 M/s, Avg Speed: 30.35 M/s, Max Resolution: 1920x1080
Category: ☘️浙江频道, Name: 浙江教育, Total: 2, Valid: 2, Valid Percent: 100.00%, Whitelist: 0, IPv4: 2, IPv6: 0, Min Delay: 1489 ms, Max Speed: 1.24 M/s, Avg Speed: 1.23 M/s, Max Resolution: 1920x1080
Category: ☘️浙江频道, Name: 浙江民生, Total: 7, Valid: 3, Valid Percent: 42.86%, Whitelist: 0, IPv4: 3, IPv6: 4, Min Delay: 1400 ms, Max Speed: 1.57 M/s, Avg Speed: 1.46 M/s, Max Resolution: 1920x1080
Category: ☘️浙江频道, Name: 浙江新闻, Total: 15, Valid: 2, Valid Percent: 13.33%, Whitelist: 0, IPv4: 2, IPv6: 13, Min Delay: 60 ms, Max Speed: 32.47 M/s, Avg Speed: 16.85 M/s, Max Resolution: 1920x1080
Category: ☘️浙江频道, Name: 浙江少儿, Total: 5, Valid: 1, Valid Percent: 20.00%, Whitelist: 0, IPv4: 1, IPv6: 4, Min Delay: 1347 ms, Max Speed: 1.33 M/s, Avg Speed: 1.33 M/s, Max Resolution: 1920x1080
Category: ☘️浙江频道, Name: 杭州综合, Total: 2, Valid: 0, Valid Percent: 0.00%, Whitelist: 0, IPv4: 0, IPv6: 2, Min Delay: -1 ms, Max Speed: 0.00 M/s, Avg Speed: 0.00 M/s, Max Resolution: None
Category: ☘️浙江频道, Name: 杭州明珠, Total: 2, Valid: 0, Valid Percent: 0.00%, Whitelist: 0, IPv4: 0, IPv6: 2, Min Delay: -1 ms, Max Speed: 0.00 M/s, Avg Speed: 0.00 M/s, Max Resolution: None
Category: ☘️浙江频道, Name: 杭州生活, Total: 3, Valid: 0, Valid Percent: 0.00%, Whitelist: 0, IPv4: 0, IPv6: 3, Min Delay: -1 ms, Max Speed: 0.00 M/s, Avg Speed: 0.00 M/s, Max Resolution: None
Category: ☘️浙江频道, Name: 杭州影视, Total: 1, Valid: 0, Valid Percent: 0.00%, Whitelist: 0, IPv4: 0, IPv6: 1, Min Delay: -1 ms, Max Speed: 0.00 M/s, Avg Speed: 0.00 M/s, Max Resolution: None
Category: ☘️浙江频道, Name: 之江纪录, Total: 2, Valid: 2, Valid Percent: 100.00%, Whitelist: 0, IPv4: 2, IPv6: 0, Min Delay: 1308 ms, Max Speed: 3.80 M/s, Avg Speed: 2.51 M/s, Max Resolution: 1920x1080
Category: ☘️浙江频道, Name: 浙江国际, Total: 15, Valid: 5, Valid Percent: 33.33%, Whitelist: 0, IPv4: 5, IPv6: 10, Min Delay: 89 ms, Max Speed: 28.28 M/s, Avg Speed: 6.56 M/s, Max Resolution: 1920x1080
Category: ☘️浙江频道, Name: 嘉兴新闻综合, Total: 2, Valid: 1, Valid Percent: 50.00%, Whitelist: 0, IPv4: 1, IPv6: 1, Min Delay: 1706 ms, Max Speed: 0.15 M/s, Avg Speed: 0.15 M/s, Max Resolution: 1920x1080
Category: ☘️浙江频道, Name: 湖州公共, Total: 7, Valid: 0, Valid Percent: 0.00%, Whitelist: 0, IPv4: 0, IPv6: 7, Min Delay: -1 ms, Max Speed: 0.00 M/s, Avg Speed: 0.00 M/s, Max Resolution: None
Category: ☘️浙江频道, Name: 湖州新闻综合, Total: 3, Valid: 3, Valid Percent: 100.00%, Whitelist: 0, IPv4: 3, IPv6: 0, Min Delay: 771 ms, Max Speed: 0.19 M/s, Avg Speed: 0.17 M/s, Max Resolution: 1280x720
Category: ☘️浙江频道, Name: 湖州文化娱乐, Total: 3, Valid: 3, Valid Percent: 100.00%, Whitelist: 0, IPv4: 3, IPv6: 0, Min Delay: 902 ms, Max Speed: 0.23 M/s, Avg Speed: 0.20 M/s, Max Resolution: 1280x720
Category: ☘️浙江频道, Name: 浙江留学, Total: 1, Valid: 1, Valid Percent: 100.00%, Whitelist: 0, IPv4: 1, IPv6: 0, Min Delay: 1071 ms, Max Speed: 0.35 M/s, Avg Speed: 0.35 M/s, Max Resolution: 1920x1080
Category: ☘️浙江频道, Name: 浙江民生休闲, Total: 7, Valid: 1, Valid Percent: 14.29%, Whitelist: 0, IPv4: 1, IPv6: 6, Min Delay: 55 ms, Max Speed: 33.16 M/s, Avg Speed: 33.16 M/s, Max Resolution: 1920x1080
Category: ☘️浙江频道, Name: 浙江教科影院, Total: 1, Valid: 1, Valid Percent: 100.00%, Whitelist: 0, IPv4: 1, IPv6: 0, Min Delay: 1346 ms, Max Speed: 1.32 M/s, Avg Speed: 1.32 M/s, Max Resolution: 1920x1080
Category: ☘️浙江频道, Name: 浙江教科影视, Total: 1, Valid: 1, Valid Percent: 100.00%, Whitelist: 0, IPv4: 1, IPv6: 0, Min Delay: 1310 ms, Max Speed: 0.96 M/s, Avg Speed: 0.96 M/s, Max Resolution: 1920x1080
Category: ☘️浙江频道, Name: 浙江公共新闻, Total: 4, Valid: 0, Valid Percent: 0.00%, Whitelist: 0, IPv4: 0, IPv6: 4, Min Delay: -1 ms, Max Speed: 0.00 M/s, Avg Speed: 0.00 M/s, Max Resolution: None
Category: ☘️浙江频道, Name: 浙江休闲台, Total: 1, Valid: 1, Valid Percent: 100.00%, Whitelist: 0, IPv4: 1, IPv6: 0, Min Delay: 1316 ms, Max Speed: 1.06 M/s, Avg Speed: 1.06 M/s, Max Resolution: 1280x720
Category: ☘️浙江频道, Name: 浙江青田, Total: 1, Valid: 1, Valid Percent: 100.00%, Whitelist: 0, IPv4: 1, IPv6: 0, Min Delay: 1824 ms, Max Speed: 1.37 M/s, Avg Speed: 1.37 M/s, Max Resolution: 1920x1080
Category: ☘️浙江频道, Name: 浙江遂昌, Total: 1, Valid: 1, Valid Percent: 100.00%, Whitelist: 0, IPv4: 1, IPv6: 0, Min Delay: 1345 ms, Max Speed: 0.66 M/s, Avg Speed: 0.66 M/s, Max Resolution: 1920x1080
Category: ☘️浙江频道, Name: 诸暨新闻综合, Total: 2, Valid: 2, Valid Percent: 100.00%, Whitelist: 0, IPv4: 2, IPv6: 0, Min Delay: 1702 ms, Max Speed: 1.77 M/s, Avg Speed: 1.70 M/s, Max Resolution: 1920x1080
Category: ☘️浙江频道, Name: 龙游生活娱乐, Total: 3, Valid: 3, Valid Percent: 100.00%, Whitelist: 0, IPv4: 3, IPv6: 0, Min Delay: 1725 ms, Max Speed: 1.39 M/s, Avg Speed: 1.37 M/s, Max Resolution: 1280x720
Category: ☘️浙江频道, Name: 龙游新闻综合, Total: 2, Valid: 2, Valid Percent: 100.00%, Whitelist: 0, IPv4: 2, IPv6: 0, Min Delay: 1638 ms, Max Speed: 1.44 M/s, Avg Speed: 1.39 M/s, Max Resolution: 1280x720
Category: ☘️浙江频道, Name: 龙泉新闻综合, Total: 1, Valid: 1, Valid Percent: 100.00%, Whitelist: 0, IPv4: 1, IPv6: 0, Min Delay: 1605 ms, Max Speed: 0.99 M/s, Avg Speed: 0.99 M/s, Max Resolution: 1920x1080
Category: ☘️浙江频道, Name: 遂昌综合, Total: 1, Valid: 1, Valid Percent: 100.00%, Whitelist: 0, IPv4: 1, IPv6: 0, Min Delay: 1437 ms, Max Speed: 0.62 M/s, Avg Speed: 0.62 M/s, Max Resolution: 1920x1080
Category: ☘️浙江频道, Name: 象山综合, Total: 2, Valid: 1, Valid Percent: 50.00%, Whitelist: 0, IPv4: 1, IPv6: 1, Min Delay: 171 ms, Max Speed: 7.69 M/s, Avg Speed: 7.69 M/s, Max Resolution: 1920x1080
Category: ☘️浙江频道, Name: 象山电视台新闻综合, Total: 1, Valid: 1, Valid Percent: 100.00%, Whitelist: 0, IPv4: 1, IPv6: 0, Min Delay: 1638 ms, Max Speed: 1.05 M/s, Avg Speed: 1.05 M/s, Max Resolution: 1280x720
Category: ☘️浙江频道, Name: 衢江新闻综合, Total: 5, Valid: 0, Valid Percent: 0.00%, Whitelist: 0, IPv4: 0, IPv6: 5, Min Delay: -1 ms, Max Speed: 0.00 M/s, Avg Speed: 0.00 M/s, Max Resolution: None
Category: ☘️浙江频道, Name: 萧山生活, Total: 3, Valid: 3, Valid Percent: 100.00%, Whitelist: 0, IPv4: 3, IPv6: 0, Min Delay: 1740 ms, Max Speed: 1.37 M/s, Avg Speed: 1.35 M/s, Max Resolution: 1280x720
Category: ☘️浙江频道, Name: 萧山新闻综合, Total: 10, Valid: 0, Valid Percent: 0.00%, Whitelist: 0, IPv4: 0, IPv6: 10, Min Delay: -1 ms, Max Speed: 0.00 M/s, Avg Speed: 0.00 M/s, Max Resolution: None
Category: ☘️浙江频道, Name: 苍南新闻综合, Total: 7, Valid: 0, Valid Percent: 0.00%, Whitelist: 0, IPv4: 0, IPv6: 7, Min Delay: -1 ms, Max Speed: 0.00 M/s, Avg Speed: 0.00 M/s, Max Resolution: None
Category: ☘️浙江频道, Name: 缙云综合, Total: 2, Valid: 2, Valid Percent: 100.00%, Whitelist: 0, IPv4: 2, IPv6: 0, Min Delay: 1607 ms, Max Speed: 1.03 M/s, Avg Speed: 1.02 M/s, Max Resolution: 1280x720
Category: ☘️浙江频道, Name: 缙云新闻综合, Total: 1, Valid: 1, Valid Percent: 100.00%, Whitelist: 0, IPv4: 1, IPv6: 0, Min Delay: 1670 ms, Max Speed: 1.02 M/s, Avg Speed: 1.02 M/s, Max Resolution: 1280x720
Category: ☘️浙江频道, Name: 绍兴电视台公共, Total: 1, Valid: 1, Valid Percent: 100.00%, Whitelist: 0, IPv4: 1, IPv6: 0, Min Delay: 3170 ms, Max Speed: 0.24 M/s, Avg Speed: 0.24 M/s, Max Resolution: 1280x720
Category: ☘️浙江频道, Name: 绍兴新闻综合, Total: 6, Valid: 0, Valid Percent: 0.00%, Whitelist: 0, IPv4: 0, IPv6: 6, Min Delay: -1 ms, Max Speed: 0.00 M/s, Avg Speed: 0.00 M/s, Max Resolution: None
Category: ☘️浙江频道, Name: 绍兴文化影院, Total: 5, Valid: 0, Valid Percent: 0.00%, Whitelist: 0, IPv4: 0, IPv6: 5, Min Delay: -1 ms, Max Speed: 0.00 M/s, Avg Speed: 0.00 M/s, Max Resolution: None
Category: ☘️浙江频道, Name: 绍兴文化影视, Total: 2, Valid: 0, Valid Percent: 0.00%, Whitelist: 0, IPv4: 0, IPv6: 2, Min Delay: -1 ms, Max Speed: 0.00 M/s, Avg Speed: 0.00 M/s, Max Resolution: None
Category: ☘️浙江频道, Name: 绍兴公共, Total: 9, Valid: 0, Valid Percent: 0.00%, Whitelist: 0, IPv4: 0, IPv6: 9, Min Delay: -1 ms, Max Speed: 0.00 M/s, Avg Speed: 0.00 M/s, Max Resolution: None
Category: ☘️浙江频道, Name: 湖州公共民生, Total: 1, Valid: 1, Valid Percent: 100.00%, Whitelist: 0, IPv4: 1, IPv6: 0, Min Delay: 841 ms, Max Speed: 0.18 M/s, Avg Speed: 0.18 M/s, Max Resolution: 1280x720
Category: ☘️浙江频道, Name: 海宁新闻综合, Total: 3, Valid: 3, Valid Percent: 100.00%, Whitelist: 0, IPv4: 3, IPv6: 0, Min Delay: 442 ms, Max Speed: 0.59 M/s, Avg Speed: 0.42 M/s, Max Resolution: 1280x720
Category: ☘️浙江频道, Name: 洞头综合, Total: 2, Valid: 2, Valid Percent: 100.00%, Whitelist: 0, IPv4: 2, IPv6: 0, Min Delay: 1648 ms, Max Speed: 1.12 M/s, Avg Speed: 1.09 M/s, Max Resolution: 720x540
Category: ☘️浙江频道, Name: 永嘉新闻综合, Total: 5, Valid: 0, Valid Percent: 0.00%, Whitelist: 0, IPv4: 0, IPv6: 5, Min Delay: -1 ms, Max Speed: 0.00 M/s, Avg Speed: 0.00 M/s, Max Resolution: None
Category: ☘️浙江频道, Name: 武义新闻综合, Total: 1, Valid: 0, Valid Percent: 0.00%, Whitelist: 0, IPv4: 0, IPv6: 1, Min Delay: -1 ms, Max Speed: 0.00 M/s, Avg Speed: 0.00 M/s, Max Resolution: None
Category: ☘️浙江频道, Name: 松阳综合, Total: 3, Valid: 3, Valid Percent: 100.00%, Whitelist: 0, IPv4: 3, IPv6: 0, Min Delay: 2220 ms, Max Speed: 3.92 M/s, Avg Speed: 3.84 M/s, Max Resolution: 1920x1080
Category: ☘️浙江频道, Name: 普陀电视台, Total: 2, Valid: 2, Valid Percent: 100.00%, Whitelist: 0, IPv4: 2, IPv6: 0, Min Delay: 1636 ms, Max Speed: 1.08 M/s, Avg Speed: 1.03 M/s, Max Resolution: 1280x720
Category: ☘️浙江频道, Name: 普陀新闻综合, Total: 1, Valid: 1, Valid Percent: 100.00%, Whitelist: 0, IPv4: 1, IPv6: 0, Min Delay: 1682 ms, Max Speed: 1.04 M/s, Avg Speed: 1.04 M/s, Max Resolution: 1280x720
Category: ☘️浙江频道, Name: 新昌生活, Total: 1, Valid: 1, Valid Percent: 100.00%, Whitelist: 0, IPv4: 1, IPv6: 0, Min Delay: 1378 ms, Max Speed: 0.74 M/s, Avg Speed: 0.74 M/s, Max Resolution: 1920x1080
Category: ☘️浙江频道, Name: 新昌新闻综合, Total: 3, Valid: 0, Valid Percent: 0.00%, Whitelist: 0, IPv4: 0, IPv6: 3, Min Delay: -1 ms, Max Speed: 0.00 M/s, Avg Speed: 0.00 M/s, Max Resolution: None
Category: ☘️浙江频道, Name: 文成综合, Total: 2, Valid: 2, Valid Percent: 100.00%, Whitelist: 0, IPv4: 2, IPv6: 0, Min Delay: 1489 ms, Max Speed: 1.10 M/s, Avg Speed: 1.06 M/s, Max Resolution: 1280x720
Category: ☘️浙江频道, Name: 文成新闻综合, Total: 1, Valid: 1, Valid Percent: 100.00%, Whitelist: 0, IPv4: 1, IPv6: 0, Min Delay: 1645 ms, Max Speed: 1.00 M/s, Avg Speed: 1.00 M/s, Max Resolution: 1280x720
Category: ☘️浙江频道, Name: 数码时代, Total: 1, Valid: 1, Valid Percent: 100.00%, Whitelist: 0, IPv4: 1, IPv6: 0, Min Delay: 1539 ms, Max Speed: 1.55 M/s, Avg Speed: 1.55 M/s, Max Resolution: 1280x720
Category: ☘️浙江频道, Name: 开化新闻综合, Total: 2, Valid: 0, Valid Percent: 0.00%, Whitelist: 0, IPv4: 0, IPv6: 2, Min Delay: -1 ms, Max Speed: 0.00 M/s, Avg Speed: 0.00 M/s, Max Resolution: None
Category: ☘️浙江频道, Name: 开化国家公园, Total: 4, Valid: 4, Valid Percent: 100.00%, Whitelist: 0, IPv4: 4, IPv6: 0, Min Delay: 1530 ms, Max Speed: 1.06 M/s, Avg Speed: 1.04 M/s, Max Resolution: 1280x720
Category: ☘️浙江频道, Name: 庆元综合, Total: 3, Valid: 3, Valid Percent: 100.00%, Whitelist: 0, IPv4: 3, IPv6: 0, Min Delay: 1702 ms, Max Speed: 1.40 M/s, Avg Speed: 1.38 M/s, Max Resolution: 1920x1080
Category: ☘️浙江频道, Name: 平湖民生休闲, Total: 2, Valid: 2, Valid Percent: 100.00%, Whitelist: 0, IPv4: 2, IPv6: 0, Min Delay: 1055 ms, Max Speed: 0.30 M/s, Avg Speed: 0.29 M/s, Max Resolution: 1280x720
Category: ☘️浙江频道, Name: 平湖新闻综合, Total: 7, Valid: 0, Valid Percent: 0.00%, Whitelist: 0, IPv4: 0, IPv6: 7, Min Delay: -1 ms, Max Speed: 0.00 M/s, Avg Speed: 0.00 M/s, Max Resolution: None
Category: ☘️浙江频道, Name: 嵊泗综合, Total: 3, Valid: 0, Valid Percent: 0.00%, Whitelist: 0, IPv4: 0, IPv6: 3, Min Delay: -1 ms, Max Speed: 0.00 M/s, Avg Speed: 0.00 M/s, Max Resolution: None
Category: ☘️浙江频道, Name: 嵊泗新闻综合, Total: 1, Valid: 1, Valid Percent: 100.00%, Whitelist: 0, IPv4: 1, IPv6: 0, Min Delay: 1652 ms, Max Speed: 1.01 M/s, Avg Speed: 1.01 M/s, Max Resolution: 720x576
Category: ☘️浙江频道, Name: 嵊州新闻综合, Total: 1, Valid: 0, Valid Percent: 0.00%, Whitelist: 0, IPv4: 0, IPv6: 1, Min Delay: -1 ms, Max Speed: 0.00 M/s, Avg Speed: 0.00 M/s, Max Resolution: None
Category: ☘️浙江频道, Name: 兰溪新闻综合, Total: 4, Valid: 0, Valid Percent: 0.00%, Whitelist: 0, IPv4: 0, IPv6: 4, Min Delay: -1 ms, Max Speed: 0.00 M/s, Avg Speed: 0.00 M/s, Max Resolution: None
Category: ☘️浙江频道, Name: 余杭综合, Total: 2, Valid: 2, Valid Percent: 100.00%, Whitelist: 0, IPv4: 2, IPv6: 0, Min Delay: 1582 ms, Max Speed: 0.81 M/s, Avg Speed: 0.81 M/s, Max Resolution: 1920x1080
Category: ☘️浙江频道, Name: 余杭未来E, Total: 1, Valid: 1, Valid Percent: 100.00%, Whitelist: 0, IPv4: 1, IPv6: 0, Min Delay: 1864 ms, Max Speed: 1.14 M/s, Avg Speed: 1.14 M/s, Max Resolution: 1920x1080
Category: ☘️浙江频道, Name: 余姚综合, Total: 4, Valid: 4, Valid Percent: 100.00%, Whitelist: 0, IPv4: 4, IPv6: 0, Min Delay: 1659 ms, Max Speed: 1.13 M/s, Avg Speed: 1.08 M/s, Max Resolution: 1920x1080
Category: ☘️浙江频道, Name: 余姚新闻综合, Total: 1, Valid: 1, Valid Percent: 100.00%, Whitelist: 0, IPv4: 1, IPv6: 0, Min Delay: 1552 ms, Max Speed: 1.15 M/s, Avg Speed: 1.15 M/s, Max Resolution: 1920x1080
Category: ☘️浙江频道, Name: 余姚姚江文化, Total: 1, Valid: 1, Valid Percent: 100.00%, Whitelist: 0, IPv4: 1, IPv6: 0, Min Delay: 1823 ms, Max Speed: 1.06 M/s, Avg Speed: 1.06 M/s, Max Resolution: 1920x1080
Category: ☘️浙江频道, Name: 云和新闻综合, Total: 2, Valid: 2, Valid Percent: 100.00%, Whitelist: 0, IPv4: 2, IPv6: 0, Min Delay: 1763 ms, Max Speed: 1.53 M/s, Avg Speed: 1.53 M/s, Max Resolution: 1280x720
Category: ☘️浙江频道, Name: 中国蓝新闻, Total: 2, Valid: 2, Valid Percent: 100.00%, Whitelist: 0, IPv4: 2, IPv6: 0, Min Delay: 961 ms, Max Speed: 0.35 M/s, Avg Speed: 0.34 M/s, Max Resolution: 1920x1080
Category: ☘️浙江频道, Name: 东阳影视生活, Total: 1, Valid: 1, Valid Percent: 100.00%, Whitelist: 0, IPv4: 1, IPv6: 0, Min Delay: 1923 ms, Max Speed: 1.62 M/s, Avg Speed: 1.62 M/s, Max Resolution: 1280x720
Category: ☘️浙江频道, Name: 上虞新闻综合, Total: 2, Valid: 2, Valid Percent: 100.00%, Whitelist: 0, IPv4: 2, IPv6: 0, Min Delay: 1748 ms, Max Speed: 1.89 M/s, Avg Speed: 1.86 M/s, Max Resolution: 1920x1080
Category: ☘️浙江频道, Name: 上虞新商都, Total: 9, Valid: 0, Valid Percent: 0.00%, Whitelist: 0, IPv4: 0, IPv6: 9, Min Delay: -1 ms, Max Speed: 0.00 M/s, Avg Speed: 0.00 M/s, Max Resolution: None
Category: ☘️浙江频道, Name: 上虞文化影院, Total: 6, Valid: 1, Valid Percent: 16.67%, Whitelist: 0, IPv4: 1, IPv6: 5, Min Delay: 1864 ms, Max Speed: 1.95 M/s, Avg Speed: 1.95 M/s, Max Resolution: 1920x1080
Category: ☘️北京频道, Name: 北京卡酷少儿, Total: 43, Valid: 0, Valid Percent: 0.00%, Whitelist: 0, IPv4: 0, IPv6: 43, Min Delay: -1 ms, Max Speed: 0.00 M/s, Avg Speed: 0.00 M/s, Max Resolution: None
Category: ☘️北京频道, Name: 北京新闻, Total: 37, Valid: 2, Valid Percent: 5.41%, Whitelist: 0, IPv4: 2, IPv6: 35, Min Delay: 81 ms, Max Speed: 1.32 M/s, Avg Speed: 0.67 M/s, Max Resolution: None
Category: ☘️北京频道, Name: 北京生活, Total: 34, Valid: 1, Valid Percent: 2.94%, Whitelist: 0, IPv4: 1, IPv6: 33, Min Delay: 1061 ms, Max Speed: 0.09 M/s, Avg Speed: 0.09 M/s, Max Resolution: None
Category: ☘️北京频道, Name: 北京科教, Total: 1, Valid: 1, Valid Percent: 100.00%, Whitelist: 0, IPv4: 1, IPv6: 0, Min Delay: 21 ms, Max Speed: 5.08 M/s, Avg Speed: 5.08 M/s, Max Resolution: 19x24
Category: ☘️北京频道, Name: 北京财经, Total: 33, Valid: 0, Valid Percent: 0.00%, Whitelist: 0, IPv4: 0, IPv6: 33, Min Delay: -1 ms, Max Speed: 0.00 M/s, Avg Speed: 0.00 M/s, Max Resolution: None
Category: ☘️北京频道, Name: 北京青年, Total: 1, Valid: 1, Valid Percent: 100.00%, Whitelist: 0, IPv4: 1, IPv6: 0, Min Delay: 21 ms, Max Speed: 5.52 M/s, Avg Speed: 5.52 M/s, Max Resolution: 19x24
Category: ☘️上海频道, Name: 上海新闻综合, Total: 42, Valid: 1, Valid Percent: 2.38%, Whitelist: 0, IPv4: 1, IPv6: 41, Min Delay: 49 ms, Max Speed: 23.54 M/s, Avg Speed: 23.54 M/s, Max Resolution: 1920x1080
Category: ☘️上海频道, Name: 上海第一财经, Total: 36, Valid: 1, Valid Percent: 2.78%, Whitelist: 0, IPv4: 1, IPv6: 35, Min Delay: 50 ms, Max Speed: 20.40 M/s, Avg Speed: 20.40 M/s, Max Resolution: 1920x1080
Category: ☘️上海频道, Name: 上海纪实, Total: 5, Valid: 0, Valid Percent: 0.00%, Whitelist: 0, IPv4: 0, IPv6: 5, Min Delay: -1 ms, Max Speed: 0.00 M/s, Avg Speed: 0.00 M/s, Max Resolution: None
Category: ☘️上海频道, Name: 上海都市, Total: 42, Valid: 0, Valid Percent: 0.00%, Whitelist: 0, IPv4: 0, IPv6: 42, Min Delay: -1 ms, Max Speed: 0.00 M/s, Avg Speed: 0.00 M/s, Max Resolution: None
Category: ☘️上海频道, Name: 东方影视, Total: 9, Valid: 0, Valid Percent: 0.00%, Whitelist: 0, IPv4: 0, IPv6: 9, Min Delay: -1 ms, Max Speed: 0.00 M/s, Avg Speed: 0.00 M/s, Max Resolution: None
Category: ☘️上海频道, Name: 东方财经, Total: 1, Valid: 0, Valid Percent: 0.00%, Whitelist: 0, IPv4: 0, IPv6: 1, Min Delay: -1 ms, Max Speed: 0.00 M/s, Avg Speed: 0.00 M/s, Max Resolution: None
Category: ☘️上海频道, Name: 全纪实, Total: 1, Valid: 1, Valid Percent: 100.00%, Whitelist: 0, IPv4: 1, IPv6: 0, Min Delay: 2377 ms, Max Speed: 0.07 M/s, Avg Speed: 0.07 M/s, Max Resolution: None
Category: ☘️上海频道, Name: 动漫秀场, Total: 11, Valid: 0, Valid Percent: 0.00%, Whitelist: 0, IPv4: 0, IPv6: 11, Min Delay: -1 ms, Max Speed: 0.00 M/s, Avg Speed: 0.00 M/s, Max Resolution: None
Category: ☘️上海频道, Name: 哈哈炫动, Total: 42, Valid: 0, Valid Percent: 0.00%, Whitelist: 0, IPv4: 0, IPv6: 42, Min Delay: -1 ms, Max Speed: 0.00 M/s, Avg Speed: 0.00 M/s, Max Resolution: None
Category: ☘️上海频道, Name: 新闻综合, Total: 12, Valid: 1, Valid Percent: 8.33%, Whitelist: 0, IPv4: 1, IPv6: 11, Min Delay: 1752 ms, Max Speed: 0.78 M/s, Avg Speed: 0.78 M/s, Max Resolution: 1920x1080
Category: ☘️上海频道, Name: 欢笑剧场, Total: 13, Valid: 0, Valid Percent: 0.00%, Whitelist: 0, IPv4: 0, IPv6: 13, Min Delay: -1 ms, Max Speed: 0.00 M/s, Avg Speed: 0.00 M/s, Max Resolution: None
Category: ☘️上海频道, Name: 法治天地, Total: 10, Valid: 1, Valid Percent: 10.00%, Whitelist: 0, IPv4: 1, IPv6: 9, Min Delay: 429 ms, Max Speed: 0.32 M/s, Avg Speed: 0.32 M/s, Max Resolution: 1920x1080
Category: ☘️上海频道, Name: 生活时尚, Total: 11, Valid: 0, Valid Percent: 0.00%, Whitelist: 0, IPv4: 0, IPv6: 11, Min Delay: -1 ms, Max Speed: 0.00 M/s, Avg Speed: 0.00 M/s, Max Resolution: None
Category: ☘️上海频道, Name: 第一财经, Total: 11, Valid: 0, Valid Percent: 0.00%, Whitelist: 0, IPv4: 0, IPv6: 11, Min Delay: -1 ms, Max Speed: 0.00 M/s, Avg Speed: 0.00 M/s, Max Resolution: None
Category: ☘️上海频道, Name: 纪实人文, Total: 2, Valid: 0, Valid Percent: 0.00%, Whitelist: 0, IPv4: 0, IPv6: 2, Min Delay: -1 ms, Max Speed: 0.00 M/s, Avg Speed: 0.00 M/s, Max Resolution: None
Category: ☘️上海频道, Name: 都市剧场, Total: 12, Valid: 1, Valid Percent: 8.33%, Whitelist: 0, IPv4: 1, IPv6: 11, Min Delay: 80 ms, Max Speed: 1.38 M/s, Avg Speed: 1.38 M/s, Max Resolution: None
Category: ☘️重庆频道, Name: 璧山综合, Total: 2, Valid: 2, Valid Percent: 100.00%, Whitelist: 0, IPv4: 2, IPv6: 0, Min Delay: 9167 ms, Max Speed: 0.46 M/s, Avg Speed: 0.40 M/s, Max Resolution: 1920x1080
Category: ☘️重庆频道, Name: 铜梁综合, Total: 2, Valid: 2, Valid Percent: 100.00%, Whitelist: 0, IPv4: 2, IPv6: 0, Min Delay: 2404 ms, Max Speed: 0.19 M/s, Avg Speed: 0.18 M/s, Max Resolution: 720x576
Category: ☘️重庆频道, Name: 重庆汽摩, Total: 1, Valid: 1, Valid Percent: 100.00%, Whitelist: 0, IPv4: 1, IPv6: 0, Min Delay: 6911 ms, Max Speed: 0.20 M/s, Avg Speed: 0.20 M/s, Max Resolution: 1920x1080
Category: ☘️重庆频道, Name: 荣昌综合, Total: 1, Valid: 1, Valid Percent: 100.00%, Whitelist: 0, IPv4: 1, IPv6: 0, Min Delay: 1938 ms, Max Speed: 0.26 M/s, Avg Speed: 0.26 M/s, Max Resolution: 720x404
Category: ☘️重庆频道, Name: 垫江综合, Total: 1, Valid: 1, Valid Percent: 100.00%, Whitelist: 0, IPv4: 1, IPv6: 0, Min Delay: 1304 ms, Max Speed: 0.07 M/s, Avg Speed: 0.07 M/s, Max Resolution: 720x576
Category: ☘️重庆频道, Name: 万州三峡移民, Total: 2, Valid: 2, Valid Percent: 100.00%, Whitelist: 0, IPv4: 2, IPv6: 0, Min Delay: 1302 ms, Max Speed: 0.07 M/s, Avg Speed: 0.07 M/s, Max Resolution: 720x576
Category: ☘️重庆频道, Name: 重庆时尚购物, Total: 1, Valid: 0, Valid Percent: 0.00%, Whitelist: 0, IPv4: 1, IPv6: 0, Min Delay: 393 ms, Max Speed: 0.00 M/s, Avg Speed: 0.00 M/s, Max Resolution: None
Category: ☘️江苏频道, Name: 东海新闻, Total: 1, Valid: 0, Valid Percent: 0.00%, Whitelist: 0, IPv4: 0, IPv6: 1, Min Delay: -1 ms, Max Speed: 0.00 M/s, Avg Speed: 0.00 M/s, Max Resolution: None
Category: ☘️江苏频道, Name: 优漫卡通, Total: 3, Valid: 0, Valid Percent: 0.00%, Whitelist: 0, IPv4: 0, IPv6: 3, Min Delay: -1 ms, Max Speed: 0.00 M/s, Avg Speed: 0.00 M/s, Max Resolution: None
Category: ☘️江苏频道, Name: 南京十八, Total: 5, Valid: 1, Valid Percent: 20.00%, Whitelist: 0, IPv4: 1, IPv6: 4, Min Delay: 64 ms, Max Speed: 17.53 M/s, Avg Speed: 17.53 M/s, Max Resolution: 1920x1080
Category: ☘️江苏频道, Name: 南京少儿, Total: 1, Valid: 0, Valid Percent: 0.00%, Whitelist: 0, IPv4: 0, IPv6: 1, Min Delay: -1 ms, Max Speed: 0.00 M/s, Avg Speed: 0.00 M/s, Max Resolution: None
Category: ☘️江苏频道, Name: 南京教科, Total: 6, Valid: 1, Valid Percent: 16.67%, Whitelist: 0, IPv4: 1, IPv6: 5, Min Delay: 74 ms, Max Speed: 16.25 M/s, Avg Speed: 16.25 M/s, Max Resolution: 1920x1080
Category: ☘️江苏频道, Name: 南京新闻综合, Total: 6, Valid: 1, Valid Percent: 16.67%, Whitelist: 0, IPv4: 1, IPv6: 5, Min Delay: 53 ms, Max Speed: 17.54 M/s, Avg Speed: 17.54 M/s, Max Resolution: 1920x1080
Category: ☘️江苏频道, Name: 南通新闻综合, Total: 7, Valid: 1, Valid Percent: 14.29%, Whitelist: 0, IPv4: 1, IPv6: 6, Min Delay: 58 ms, Max Speed: 17.57 M/s, Avg Speed: 17.57 M/s, Max Resolution: 1920x1080
Category: ☘️江苏频道, Name: 句容党建, Total: 4, Valid: 4, Valid Percent: 100.00%, Whitelist: 0, IPv4: 4, IPv6: 0, Min Delay: 419 ms, Max Speed: 0.16 M/s, Avg Speed: 0.11 M/s, Max Resolution: 1280x720
Category: ☘️江苏频道, Name: 句容影院, Total: 1, Valid: 1, Valid Percent: 100.00%, Whitelist: 0, IPv4: 1, IPv6: 0, Min Delay: 4925 ms, Max Speed: 0.13 M/s, Avg Speed: 0.13 M/s, Max Resolution: 720x576
Category: ☘️江苏频道, Name: 句容新闻综合, Total: 2, Valid: 2, Valid Percent: 100.00%, Whitelist: 0, IPv4: 2, IPv6: 0, Min Delay: 10483 ms, Max Speed: 0.19 M/s, Avg Speed: 0.19 M/s, Max Resolution: 720x576
Category: ☘️江苏频道, Name: 句容生活, Total: 3, Valid: 3, Valid Percent: 100.00%, Whitelist: 0, IPv4: 3, IPv6: 0, Min Delay: 383 ms, Max Speed: 0.34 M/s, Avg Speed: 0.20 M/s, Max Resolution: 1280x720
Category: ☘️江苏频道, Name: 宜兴新闻, Total: 3, Valid: 0, Valid Percent: 0.00%, Whitelist: 0, IPv4: 0, IPv6: 3, Min Delay: -1 ms, Max Speed: 0.00 M/s, Avg Speed: 0.00 M/s, Max Resolution: None
Category: ☘️江苏频道, Name: 宜兴紫砂, Total: 1, Valid: 0, Valid Percent: 0.00%, Whitelist: 0, IPv4: 1, IPv6: 0, Min Delay: 950 ms, Max Speed: 0.00 M/s, Avg Speed: 0.00 M/s, Max Resolution: None
Category: ☘️江苏频道, Name: 宿迁公共, Total: 1, Valid: 0, Valid Percent: 0.00%, Whitelist: 0, IPv4: 0, IPv6: 1, Min Delay: -1 ms, Max Speed: 0.00 M/s, Avg Speed: 0.00 M/s, Max Resolution: None
Category: ☘️江苏频道, Name: 常州公共, Total: 1, Valid: 0, Valid Percent: 0.00%, Whitelist: 0, IPv4: 0, IPv6: 1, Min Delay: -1 ms, Max Speed: 0.00 M/s, Avg Speed: 0.00 M/s, Max Resolution: None
Category: ☘️江苏频道, Name: 常州生活, Total: 1, Valid: 0, Valid Percent: 0.00%, Whitelist: 0, IPv4: 0, IPv6: 1, Min Delay: -1 ms, Max Speed: 0.00 M/s, Avg Speed: 0.00 M/s, Max Resolution: None
Category: ☘️江苏频道, Name: 常州都市, Total: 1, Valid: 0, Valid Percent: 0.00%, Whitelist: 0, IPv4: 0, IPv6: 1, Min Delay: -1 ms, Max Speed: 0.00 M/s, Avg Speed: 0.00 M/s, Max Resolution: None
Category: ☘️江苏频道, Name: 常熟民生, Total: 1, Valid: 0, Valid Percent: 0.00%, Whitelist: 0, IPv4: 1, IPv6: 0, Min Delay: 2221 ms, Max Speed: 0.00 M/s, Avg Speed: 0.00 M/s, Max Resolution: None
Category: ☘️江苏频道, Name: 徐州公共, Total: 1, Valid: 0, Valid Percent: 0.00%, Whitelist: 0, IPv4: 0, IPv6: 1, Min Delay: -1 ms, Max Speed: 0.00 M/s, Avg Speed: 0.00 M/s, Max Resolution: None
Category: ☘️江苏频道, Name: 新沂新闻, Total: 1, Valid: 0, Valid Percent: 0.00%, Whitelist: 0, IPv4: 0, IPv6: 1, Min Delay: -1 ms, Max Speed: 0.00 M/s, Avg Speed: 0.00 M/s, Max Resolution: None
Category: ☘️江苏频道, Name: 新沂生活, Total: 1, Valid: 0, Valid Percent: 0.00%, Whitelist: 0, IPv4: 0, IPv6: 1, Min Delay: -1 ms, Max Speed: 0.00 M/s, Avg Speed: 0.00 M/s, Max Resolution: None
Category: ☘️江苏频道, Name: 无锡经济, Total: 1, Valid: 0, Valid Percent: 0.00%, Whitelist: 0, IPv4: 0, IPv6: 1, Min Delay: -1 ms, Max Speed: 0.00 M/s, Avg Speed: 0.00 M/s, Max Resolution: None
Category: ☘️江苏频道, Name: 武进新闻, Total: 3, Valid: 3, Valid Percent: 100.00%, Whitelist: 0, IPv4: 3, IPv6: 0, Min Delay: 7037 ms, Max Speed: 0.17 M/s, Avg Speed: 0.17 M/s, Max Resolution: 720x576
Category: ☘️江苏频道, Name: 武进生活, Total: 4, Valid: 4, Valid Percent: 100.00%, Whitelist: 0, IPv4: 4, IPv6: 0, Min Delay: 421 ms, Max Speed: 0.20 M/s, Avg Speed: 0.14 M/s, Max Resolution: 720x576
Category: ☘️江苏频道, Name: 江宁新闻, Total: 1, Valid: 0, Valid Percent: 0.00%, Whitelist: 0, IPv4: 0, IPv6: 1, Min Delay: -1 ms, Max Speed: 0.00 M/s, Avg Speed: 0.00 M/s, Max Resolution: None
Category: ☘️江苏频道, Name: 江苏体育, Total: 10, Valid: 0, Valid Percent: 0.00%, Whitelist: 0, IPv4: 0, IPv6: 10, Min Delay: -1 ms, Max Speed: 0.00 M/s, Avg Speed: 0.00 M/s, Max Resolution: None
Category: ☘️江苏频道, Name: 江苏公共, Total: 1, Valid: 0, Valid Percent: 0.00%, Whitelist: 0, IPv4: 0, IPv6: 1, Min Delay: -1 ms, Max Speed: 0.00 M/s, Avg Speed: 0.00 M/s, Max Resolution: None
Category: ☘️江苏频道, Name: 江苏城市, Total: 15, Valid: 1, Valid Percent: 6.67%, Whitelist: 0, IPv4: 1, IPv6: 14, Min Delay: 62 ms, Max Speed: 17.80 M/s, Avg Speed: 17.80 M/s, Max Resolution: 1920x1080
Category: ☘️江苏频道, Name: 江苏影视, Total: 14, Valid: 1, Valid Percent: 7.14%, Whitelist: 0, IPv4: 1, IPv6: 13, Min Delay: 55 ms, Max Speed: 18.83 M/s, Avg Speed: 18.83 M/s, Max Resolution: 1920x1080
Category: ☘️江苏频道, Name: 江苏教育, Total: 16, Valid: 1, Valid Percent: 6.25%, Whitelist: 0, IPv4: 1, IPv6: 15, Min Delay: 61 ms, Max Speed: 16.50 M/s, Avg Speed: 16.50 M/s, Max Resolution: 1920x1080
Category: ☘️江苏频道, Name: 沭阳综合, Total: 1, Valid: 0, Valid Percent: 0.00%, Whitelist: 0, IPv4: 0, IPv6: 1, Min Delay: -1 ms, Max Speed: 0.00 M/s, Avg Speed: 0.00 M/s, Max Resolution: None
Category: ☘️江苏频道, Name: 泗洪新闻综合, Total: 1, Valid: 0, Valid Percent: 0.00%, Whitelist: 0, IPv4: 0, IPv6: 1, Min Delay: -1 ms, Max Speed: 0.00 M/s, Avg Speed: 0.00 M/s, Max Resolution: None
Category: ☘️江苏频道, Name: 泗阳综合, Total: 1, Valid: 1, Valid Percent: 100.00%, Whitelist: 0, IPv4: 1, IPv6: 0, Min Delay: 1938 ms, Max Speed: 0.70 M/s, Avg Speed: 0.70 M/s, Max Resolution: 1920x1080
Category: ☘️江苏频道, Name: 泗阳资讯, Total: 1, Valid: 1, Valid Percent: 100.00%, Whitelist: 0, IPv4: 1, IPv6: 0, Min Delay: 413 ms, Max Speed: 0.00 M/s, Avg Speed: 0.00 M/s, Max Resolution: 1200x720
Category: ☘️江苏频道, Name: 泰州一套新闻综合, Total: 1, Valid: 0, Valid Percent: 0.00%, Whitelist: 0, IPv4: 0, IPv6: 1, Min Delay: -1 ms, Max Speed: 0.00 M/s, Avg Speed: 0.00 M/s, Max Resolution: None
Category: ☘️江苏频道, Name: 涟水电视台综合, Total: 6, Valid: 0, Valid Percent: 0.00%, Whitelist: 0, IPv4: 0, IPv6: 6, Min Delay: -1 ms, Max Speed: 0.00 M/s, Avg Speed: 0.00 M/s, Max Resolution: None
Category: ☘️江苏频道, Name: 淮安影院娱乐, Total: 2, Valid: 0, Valid Percent: 0.00%, Whitelist: 0, IPv4: 0, IPv6: 2, Min Delay: -1 ms, Max Speed: 0.00 M/s, Avg Speed: 0.00 M/s, Max Resolution: None
Category: ☘️江苏频道, Name: 淮安新闻综合, Total: 6, Valid: 1, Valid Percent: 16.67%, Whitelist: 0, IPv4: 1, IPv6: 5, Min Delay: 58 ms, Max Speed: 17.25 M/s, Avg Speed: 17.25 M/s, Max Resolution: 1920x1080
Category: ☘️江苏频道, Name: 淮阴综合, Total: 1, Valid: 0, Valid Percent: 0.00%, Whitelist: 0, IPv4: 0, IPv6: 1, Min Delay: -1 ms, Max Speed: 0.00 M/s, Avg Speed: 0.00 M/s, Max Resolution: None
Category: ☘️江苏频道, Name: 溧水新闻综合, Total: 7, Valid: 1, Valid Percent: 14.29%, Whitelist: 0, IPv4: 1, IPv6: 6, Min Delay: 58 ms, Max Speed: 18.08 M/s, Avg Speed: 18.08 M/s, Max Resolution: 1920x1080
Category: ☘️江苏频道, Name: 滨海新闻综合, Total: 1, Valid: 1, Valid Percent: 100.00%, Whitelist: 0, IPv4: 1, IPv6: 0, Min Delay: 1292 ms, Max Speed: 1.29 M/s, Avg Speed: 1.29 M/s, Max Resolution: 1920x1080
Category: ☘️江苏频道, Name: 睢宁三农, Total: 1, Valid: 0, Valid Percent: 0.00%, Whitelist: 0, IPv4: 0, IPv6: 1, Min Delay: -1 ms, Max Speed: 0.00 M/s, Avg Speed: 0.00 M/s, Max Resolution: None
Category: ☘️江苏频道, Name: 睢宁综合, Total: 1, Valid: 0, Valid Percent: 0.00%, Whitelist: 0, IPv4: 0, IPv6: 1, Min Delay: -1 ms, Max Speed: 0.00 M/s, Avg Speed: 0.00 M/s, Max Resolution: None
Category: ☘️江苏频道, Name: 睢宁资讯, Total: 1, Valid: 0, Valid Percent: 0.00%, Whitelist: 0, IPv4: 0, IPv6: 1, Min Delay: -1 ms, Max Speed: 0.00 M/s, Avg Speed: 0.00 M/s, Max Resolution: None
Category: ☘️江苏频道, Name: 苏州文化生活, Total: 2, Valid: 0, Valid Percent: 0.00%, Whitelist: 0, IPv4: 0, IPv6: 2, Min Delay: -1 ms, Max Speed: 0.00 M/s, Avg Speed: 0.00 M/s, Max Resolution: None
Category: ☘️江苏频道, Name: 苏州新闻综合, Total: 2, Valid: 1, Valid Percent: 50.00%, Whitelist: 0, IPv4: 1, IPv6: 1, Min Delay: 903 ms, Max Speed: 0.88 M/s, Avg Speed: 0.88 M/s, Max Resolution: 1920x1080
Category: ☘️江苏频道, Name: 苏州生活资讯, Total: 2, Valid: 0, Valid Percent: 0.00%, Whitelist: 0, IPv4: 0, IPv6: 2, Min Delay: -1 ms, Max Speed: 0.00 M/s, Avg Speed: 0.00 M/s, Max Resolution: None
Category: ☘️江苏频道, Name: 苏州社会经济, Total: 2, Valid: 0, Valid Percent: 0.00%, Whitelist: 0, IPv4: 0, IPv6: 2, Min Delay: -1 ms, Max Speed: 0.00 M/s, Avg Speed: 0.00 M/s, Max Resolution: None
Category: ☘️江苏频道, Name: 连云港公共, Total: 1, Valid: 0, Valid Percent: 0.00%, Whitelist: 0, IPv4: 0, IPv6: 1, Min Delay: -1 ms, Max Speed: 0.00 M/s, Avg Speed: 0.00 M/s, Max Resolution: None
Category: ☘️江苏频道, Name: 连云港新闻综合, Total: 13, Valid: 1, Valid Percent: 7.69%, Whitelist: 0, IPv4: 1, IPv6: 12, Min Delay: 73 ms, Max Speed: 16.85 M/s, Avg Speed: 16.85 M/s, Max Resolution: 1920x1080
Category: ☘️江苏频道, Name: 镇江二套社会民生, Total: 1, Valid: 1, Valid Percent: 100.00%, Whitelist: 0, IPv4: 1, IPv6: 0, Min Delay: 270 ms, Max Speed: 4.05 M/s, Avg Speed: 4.05 M/s, Max Resolution: 1920x1080
Category: ☘️江苏频道, Name: 镇江新闻综合, Total: 15, Valid: 5, Valid Percent: 33.33%, Whitelist: 0, IPv4: 5, IPv6: 10, Min Delay: 68 ms, Max Speed: 17.74 M/s, Avg Speed: 6.75 M/s, Max Resolution: 1920x1080
Category: ☘️江苏频道, Name: 靖江新闻综合, Total: 3, Valid: 0, Valid Percent: 0.00%, Whitelist: 0, IPv4: 0, IPv6: 3, Min Delay: -1 ms, Max Speed: 0.00 M/s, Avg Speed: 0.00 M/s, Max Resolution: None
Category: ☘️辽宁频道, Name: 朝阳新闻综合, Total: 1, Valid: 0, Valid Percent: 0.00%, Whitelist: 0, IPv4: 1, IPv6: 0, Min Delay: 10235 ms, Max Speed: 0.00 M/s, Avg Speed: 0.00 M/s, Max Resolution: 1280x720
Category: ☘️辽宁频道, Name: 辽宁北方, Total: 1, Valid: 0, Valid Percent: 0.00%, Whitelist: 0, IPv4: 0, IPv6: 1, Min Delay: -1 ms, Max Speed: 0.00 M/s, Avg Speed: 0.00 M/s, Max Resolution: None
Category: ☘️辽宁频道, Name: 辽宁影视剧, Total: 3, Valid: 0, Valid Percent: 0.00%, Whitelist: 0, IPv4: 0, IPv6: 3, Min Delay: -1 ms, Max Speed: 0.00 M/s, Avg Speed: 0.00 M/s, Max Resolution: None
Category: ☘️辽宁频道, Name: 辽宁教育青少, Total: 1, Valid: 0, Valid Percent: 0.00%, Whitelist: 0, IPv4: 0, IPv6: 1, Min Delay: -1 ms, Max Speed: 0.00 M/s, Avg Speed: 0.00 M/s, Max Resolution: None
Category: ☘️辽宁频道, Name: 辽宁生活, Total: 1, Valid: 0, Valid Percent: 0.00%, Whitelist: 0, IPv4: 0, IPv6: 1, Min Delay: -1 ms, Max Speed: 0.00 M/s, Avg Speed: 0.00 M/s, Max Resolution: None
Category: ☘️辽宁频道, Name: 辽宁经济, Total: 1, Valid: 0, Valid Percent: 0.00%, Whitelist: 0, IPv4: 0, IPv6: 1, Min Delay: -1 ms, Max Speed: 0.00 M/s, Avg Speed: 0.00 M/s, Max Resolution: None
Category: ☘️辽宁频道, Name: 辽宁都市, Total: 2, Valid: 0, Valid Percent: 0.00%, Whitelist: 0, IPv4: 0, IPv6: 2, Min Delay: -1 ms, Max Speed: 0.00 M/s, Avg Speed: 0.00 M/s, Max Resolution: None
Category: ☘️湖南频道, Name: 湖南都市, Total: 7, Valid: 0, Valid Percent: 0.00%, Whitelist: 0, IPv4: 0, IPv6: 7, Min Delay: -1 ms, Max Speed: 0.00 M/s, Avg Speed: 0.00 M/s, Max Resolution: None
Category: ☘️湖南频道, Name: 湖南经视, Total: 8, Valid: 0, Valid Percent: 0.00%, Whitelist: 0, IPv4: 0, IPv6: 8, Min Delay: -1 ms, Max Speed: 0.00 M/s, Avg Speed: 0.00 M/s, Max Resolution: None
Category: ☘️湖南频道, Name: 湖南电视剧, Total: 9, Valid: 0, Valid Percent: 0.00%, Whitelist: 0, IPv4: 0, IPv6: 9, Min Delay: -1 ms, Max Speed: 0.00 M/s, Avg Speed: 0.00 M/s, Max Resolution: None
Category: ☘️湖南频道, Name: 湖南电影, Total: 2, Valid: 0, Valid Percent: 0.00%, Whitelist: 0, IPv4: 0, IPv6: 2, Min Delay: -1 ms, Max Speed: 0.00 M/s, Avg Speed: 0.00 M/s, Max Resolution: None
Category: ☘️湖南频道, Name: 湖南爱晚, Total: 1, Valid: 0, Valid Percent: 0.00%, Whitelist: 0, IPv4: 0, IPv6: 1, Min Delay: -1 ms, Max Speed: 0.00 M/s, Avg Speed: 0.00 M/s, Max Resolution: None
Category: ☘️湖南频道, Name: 湖南教育, Total: 1, Valid: 0, Valid Percent: 0.00%, Whitelist: 0, IPv4: 0, IPv6: 1, Min Delay: -1 ms, Max Speed: 0.00 M/s, Avg Speed: 0.00 M/s, Max Resolution: None
Category: ☘️湖南频道, Name: 湖南娱乐, Total: 2, Valid: 0, Valid Percent: 0.00%, Whitelist: 0, IPv4: 0, IPv6: 2, Min Delay: -1 ms, Max Speed: 0.00 M/s, Avg Speed: 0.00 M/s, Max Resolution: None
Category: ☘️湖南频道, Name: 湖南国际, Total: 2, Valid: 0, Valid Percent: 0.00%, Whitelist: 0, IPv4: 0, IPv6: 2, Min Delay: -1 ms, Max Speed: 0.00 M/s, Avg Speed: 0.00 M/s, Max Resolution: None
Category: ☘️湖南频道, Name: 湖南公共, Total: 4, Valid: 0, Valid Percent: 0.00%, Whitelist: 0, IPv4: 0, IPv6: 4, Min Delay: -1 ms, Max Speed: 0.00 M/s, Avg Speed: 0.00 M/s, Max Resolution: None
Category: ☘️湖南频道, Name: 金鹰纪实, Total: 10, Valid: 0, Valid Percent: 0.00%, Whitelist: 0, IPv4: 0, IPv6: 10, Min Delay: -1 ms, Max Speed: 0.00 M/s, Avg Speed: 0.00 M/s, Max Resolution: None
Category: ☘️湖南频道, Name: 长沙新闻综合, Total: 1, Valid: 0, Valid Percent: 0.00%, Whitelist: 0, IPv4: 0, IPv6: 1, Min Delay: -1 ms, Max Speed: 0.00 M/s, Avg Speed: 0.00 M/s, Max Resolution: None
Category: ☘️湖南频道, Name: 长沙新闻, Total: 1, Valid: 0, Valid Percent: 0.00%, Whitelist: 0, IPv4: 0, IPv6: 1, Min Delay: -1 ms, Max Speed: 0.00 M/s, Avg Speed: 0.00 M/s, Max Resolution: None
Category: ☘️湖南频道, Name: 衡阳新闻综合, Total: 1, Valid: 1, Valid Percent: 100.00%, Whitelist: 0, IPv4: 1, IPv6: 0, Min Delay: 10812 ms, Max Speed: 0.01 M/s, Avg Speed: 0.01 M/s, Max Resolution: 800x480
Category: ☘️湖南频道, Name: 娄底综合, Total: 1, Valid: 0, Valid Percent: 0.00%, Whitelist: 0, IPv4: 0, IPv6: 1, Min Delay: -1 ms, Max Speed: 0.00 M/s, Avg Speed: 0.00 M/s, Max Resolution: None
Category: ☘️湖北频道, Name: 湖北综合, Total: 3, Valid: 0, Valid Percent: 0.00%, Whitelist: 0, IPv4: 0, IPv6: 3, Min Delay: -1 ms, Max Speed: 0.00 M/s, Avg Speed: 0.00 M/s, Max Resolution: None
Category: ☘️湖北频道, Name: 湖北经视, Total: 3, Valid: 0, Valid Percent: 0.00%, Whitelist: 0, IPv4: 0, IPv6: 3, Min Delay: -1 ms, Max Speed: 0.00 M/s, Avg Speed: 0.00 M/s, Max Resolution: None
Category: ☘️湖北频道, Name: 湖北生活, Total: 5, Valid: 0, Valid Percent: 0.00%, Whitelist: 0, IPv4: 0, IPv6: 5, Min Delay: -1 ms, Max Speed: 0.00 M/s, Avg Speed: 0.00 M/s, Max Resolution: None
Category: ☘️湖北频道, Name: 湖北教育, Total: 4, Valid: 0, Valid Percent: 0.00%, Whitelist: 0, IPv4: 0, IPv6: 4, Min Delay: -1 ms, Max Speed: 0.00 M/s, Avg Speed: 0.00 M/s, Max Resolution: None
Category: ☘️湖北频道, Name: 湖北影视, Total: 3, Valid: 0, Valid Percent: 0.00%, Whitelist: 0, IPv4: 0, IPv6: 3, Min Delay: -1 ms, Max Speed: 0.00 M/s, Avg Speed: 0.00 M/s, Max Resolution: None
Category: ☘️湖北频道, Name: 湖北公共, Total: 1, Valid: 0, Valid Percent: 0.00%, Whitelist: 0, IPv4: 0, IPv6: 1, Min Delay: -1 ms, Max Speed: 0.00 M/s, Avg Speed: 0.00 M/s, Max Resolution: None
Category: ☘️湖北频道, Name: 湖北垄上, Total: 3, Valid: 0, Valid Percent: 0.00%, Whitelist: 0, IPv4: 0, IPv6: 3, Min Delay: -1 ms, Max Speed: 0.00 M/s, Avg Speed: 0.00 M/s, Max Resolution: None
Category: ☘️湖北频道, Name: 武汉一台新闻综合, Total: 3, Valid: 0, Valid Percent: 0.00%, Whitelist: 0, IPv4: 0, IPv6: 3, Min Delay: -1 ms, Max Speed: 0.00 M/s, Avg Speed: 0.00 M/s, Max Resolution: None
Category: ☘️湖北频道, Name: 武汉二台电视剧, Total: 1, Valid: 0, Valid Percent: 0.00%, Whitelist: 0, IPv4: 0, IPv6: 1, Min Delay: -1 ms, Max Speed: 0.00 M/s, Avg Speed: 0.00 M/s, Max Resolution: None
Category: ☘️湖北频道, Name: 武汉四台经济, Total: 1, Valid: 0, Valid Percent: 0.00%, Whitelist: 0, IPv4: 0, IPv6: 1, Min Delay: -1 ms, Max Speed: 0.00 M/s, Avg Speed: 0.00 M/s, Max Resolution: None
Category: ☘️湖北频道, Name: 武汉教育, Total: 7, Valid: 0, Valid Percent: 0.00%, Whitelist: 0, IPv4: 0, IPv6: 7, Min Delay: -1 ms, Max Speed: 0.00 M/s, Avg Speed: 0.00 M/s, Max Resolution: None
Category: ☘️湖北频道, Name: 武汉文体, Total: 2, Valid: 2, Valid Percent: 100.00%, Whitelist: 0, IPv4: 2, IPv6: 0, Min Delay: 406 ms, Max Speed: 0.27 M/s, Avg Speed: 0.16 M/s, Max Resolution: 1920x1080
Category: ☘️湖北频道, Name: 江夏新闻综合, Total: 1, Valid: 1, Valid Percent: 100.00%, Whitelist: 0, IPv4: 1, IPv6: 0, Min Delay: 1828 ms, Max Speed: 0.32 M/s, Avg Speed: 0.32 M/s, Max Resolution: 720x576
Category: ☘️湖北频道, Name: 十堰新闻, Total: 4, Valid: 0, Valid Percent: 0.00%, Whitelist: 0, IPv4: 0, IPv6: 4, Min Delay: -1 ms, Max Speed: 0.00 M/s, Avg Speed: 0.00 M/s, Max Resolution: None
Category: ☘️湖北频道, Name: 荆门新闻综合, Total: 13, Valid: 0, Valid Percent: 0.00%, Whitelist: 0, IPv4: 0, IPv6: 13, Min Delay: -1 ms, Max Speed: 0.00 M/s, Avg Speed: 0.00 M/s, Max Resolution: None
Category: ☘️湖北频道, Name: 武汉新闻, Total: 1, Valid: 1, Valid Percent: 100.00%, Whitelist: 0, IPv4: 1, IPv6: 0, Min Delay: 1960 ms, Max Speed: 0.33 M/s, Avg Speed: 0.33 M/s, Max Resolution: 1280x720
Category: ☘️广西频道, Name: 南宁公共, Total: 5, Valid: 0, Valid Percent: 0.00%, Whitelist: 0, IPv4: 0, IPv6: 5, Min Delay: -1 ms, Max Speed: 0.00 M/s, Avg Speed: 0.00 M/s, Max Resolution: None
Category: ☘️广西频道, Name: 南宁新闻综合, Total: 4, Valid: 0, Valid Percent: 0.00%, Whitelist: 0, IPv4: 1, IPv6: 3, Min Delay: -1 ms, Max Speed: 0.00 M/s, Avg Speed: 0.00 M/s, Max Resolution: 1920x1080
Category: ☘️广西频道, Name: 南宁都市生活, Total: 6, Valid: 0, Valid Percent: 0.00%, Whitelist: 0, IPv4: 0, IPv6: 6, Min Delay: -1 ms, Max Speed: 0.00 M/s, Avg Speed: 0.00 M/s, Max Resolution: None
Category: ☘️广西频道, Name: 宾阳综合, Total: 1, Valid: 0, Valid Percent: 0.00%, Whitelist: 0, IPv4: 0, IPv6: 1, Min Delay: -1 ms, Max Speed: 0.00 M/s, Avg Speed: 0.00 M/s, Max Resolution: None
Category: ☘️广西频道, Name: 来宾综合, Total: 1, Valid: 1, Valid Percent: 100.00%, Whitelist: 0, IPv4: 1, IPv6: 0, Min Delay: 10497 ms, Max Speed: 0.37 M/s, Avg Speed: 0.37 M/s, Max Resolution: 1920x1080
Category: ☘️广西频道, Name: 灌阳新闻综合, Total: 1, Valid: 0, Valid Percent: 0.00%, Whitelist: 0, IPv4: 0, IPv6: 1, Min Delay: -1 ms, Max Speed: 0.00 M/s, Avg Speed: 0.00 M/s, Max Resolution: None
Category: ☘️广西频道, Name: 田东综合, Total: 1, Valid: 0, Valid Percent: 0.00%, Whitelist: 0, IPv4: 0, IPv6: 1, Min Delay: -1 ms, Max Speed: 0.00 M/s, Avg Speed: 0.00 M/s, Max Resolution: None
Category: ☘️广西频道, Name: 广西新闻, Total: 3, Valid: 0, Valid Percent: 0.00%, Whitelist: 0, IPv4: 0, IPv6: 3, Min Delay: -1 ms, Max Speed: 0.00 M/s, Avg Speed: 0.00 M/s, Max Resolution: None
Category: ☘️广西频道, Name: 广西国际, Total: 3, Valid: 0, Valid Percent: 0.00%, Whitelist: 0, IPv4: 0, IPv6: 3, Min Delay: -1 ms, Max Speed: 0.00 M/s, Avg Speed: 0.00 M/s, Max Resolution: None
Category: ☘️广西频道, Name: 南宁影视娱乐, Total: 5, Valid: 0, Valid Percent: 0.00%, Whitelist: 0, IPv4: 0, IPv6: 5, Min Delay: -1 ms, Max Speed: 0.00 M/s, Avg Speed: 0.00 M/s, Max Resolution: None
Category: ☘️天津频道, Name: 津南一套, Total: 1, Valid: 1, Valid Percent: 100.00%, Whitelist: 0, IPv4: 1, IPv6: 0, Min Delay: 13 ms, Max Speed: 19.64 M/s, Avg Speed: 19.64 M/s, Max Resolution: 720x576
Category: ☘️天津频道, Name: 武清综合, Total: 1, Valid: 1, Valid Percent: 100.00%, Whitelist: 0, IPv4: 1, IPv6: 0, Min Delay: 1695 ms, Max Speed: 0.94 M/s, Avg Speed: 0.94 M/s, Max Resolution: 720x576
Category: ☘️天津频道, Name: 天津卫视, Total: 17, Valid: 0, Valid Percent: 0.00%, Whitelist: 0, IPv4: 0, IPv6: 17, Min Delay: -1 ms, Max Speed: 0.00 M/s, Avg Speed: 0.00 M/s, Max Resolution: None
Category: ☘️四川频道, Name: 乐山新闻综合, Total: 2, Valid: 0, Valid Percent: 0.00%, Whitelist: 0, IPv4: 0, IPv6: 2, Min Delay: -1 ms, Max Speed: 0.00 M/s, Avg Speed: 0.00 M/s, Max Resolution: None
Category: ☘️四川频道, Name: 乐至综合, Total: 3, Valid: 3, Valid Percent: 100.00%, Whitelist: 0, IPv4: 3, IPv6: 0, Min Delay: 2063 ms, Max Speed: 1.12 M/s, Avg Speed: 1.11 M/s, Max Resolution: 1920x1080
Category: ☘️四川频道, Name: 井研综合, Total: 1, Valid: 1, Valid Percent: 100.00%, Whitelist: 0, IPv4: 1, IPv6: 0, Min Delay: 1723 ms, Max Speed: 0.15 M/s, Avg Speed: 0.15 M/s, Max Resolution: 1920x1080
Category: ☘️四川频道, Name: 什邡新闻, Total: 2, Valid: 2, Valid Percent: 100.00%, Whitelist: 0, IPv4: 2, IPv6: 0, Min Delay: 387 ms, Max Speed: 0.00 M/s, Avg Speed: 0.00 M/s, Max Resolution: 1920x1080
Category: ☘️四川频道, Name: 仁寿综合, Total: 1, Valid: 1, Valid Percent: 100.00%, Whitelist: 0, IPv4: 1, IPv6: 0, Min Delay: 900 ms, Max Speed: 0.06 M/s, Avg Speed: 0.06 M/s, Max Resolution: None
Category: ☘️四川频道, Name: 剑阁综合, Total: 1, Valid: 1, Valid Percent: 100.00%, Whitelist: 0, IPv4: 1, IPv6: 0, Min Delay: 3393 ms, Max Speed: 0.01 M/s, Avg Speed: 0.01 M/s, Max Resolution: 960x528
Category: ☘️四川频道, Name: 叙州新闻综合, Total: 5, Valid: 0, Valid Percent: 0.00%, Whitelist: 0, IPv4: 0, IPv6: 5, Min Delay: -1 ms, Max Speed: 0.00 M/s, Avg Speed: 0.00 M/s, Max Resolution: None
Category: ☘️四川频道, Name: 叙永综合, Total: 1, Valid: 1, Valid Percent: 100.00%, Whitelist: 0, IPv4: 1, IPv6: 0, Min Delay: 1845 ms, Max Speed: 0.71 M/s, Avg Speed: 0.71 M/s, Max Resolution: 1920x1080
Category: ☘️四川频道, Name: 四川科教, Total: 3, Valid: 0, Valid Percent: 0.00%, Whitelist: 0, IPv4: 0, IPv6: 3, Min Delay: -1 ms, Max Speed: 0.00 M/s, Avg Speed: 0.00 M/s, Max Resolution: None
Category: ☘️四川频道, Name: 广元公共, Total: 1, Valid: 1, Valid Percent: 100.00%, Whitelist: 0, IPv4: 1, IPv6: 0, Min Delay: 10212 ms, Max Speed: 0.02 M/s, Avg Speed: 0.02 M/s, Max Resolution: 1280x720
Category: ☘️四川频道, Name: 广元综合, Total: 2, Valid: 0, Valid Percent: 0.00%, Whitelist: 0, IPv4: 0, IPv6: 2, Min Delay: -1 ms, Max Speed: 0.00 M/s, Avg Speed: 0.00 M/s, Max Resolution: None
Category: ☘️四川频道, Name: 广安公共, Total: 3, Valid: 0, Valid Percent: 0.00%, Whitelist: 0, IPv4: 0, IPv6: 3, Min Delay: -1 ms, Max Speed: 0.00 M/s, Avg Speed: 0.00 M/s, Max Resolution: None
Category: ☘️四川频道, Name: 康巴卫视, Total: 1, Valid: 0, Valid Percent: 0.00%, Whitelist: 0, IPv4: 0, IPv6: 1, Min Delay: -1 ms, Max Speed: 0.00 M/s, Avg Speed: 0.00 M/s, Max Resolution: None
Category: ☘️四川频道, Name: 德阳新闻综合, Total: 3, Valid: 0, Valid Percent: 0.00%, Whitelist: 0, IPv4: 0, IPv6: 3, Min Delay: -1 ms, Max Speed: 0.00 M/s, Avg Speed: 0.00 M/s, Max Resolution: None
Category: ☘️四川频道, Name: 旺苍新闻综合, Total: 2, Valid: 0, Valid Percent: 0.00%, Whitelist: 0, IPv4: 0, IPv6: 2, Min Delay: -1 ms, Max Speed: 0.00 M/s, Avg Speed: 0.00 M/s, Max Resolution: None
Category: ☘️四川频道, Name: 朝天综合, Total: 1, Valid: 1, Valid Percent: 100.00%, Whitelist: 0, IPv4: 1, IPv6: 0, Min Delay: 10228 ms, Max Speed: 0.02 M/s, Avg Speed: 0.02 M/s, Max Resolution: 960x528
Category: ☘️四川频道, Name: 松潘新闻综合, Total: 3, Valid: 0, Valid Percent: 0.00%, Whitelist: 0, IPv4: 0, IPv6: 3, Min Delay: -1 ms, Max Speed: 0.00 M/s, Avg Speed: 0.00 M/s, Max Resolution: None
Category: ☘️四川频道, Name: 汉源综合, Total: 2, Valid: 0, Valid Percent: 0.00%, Whitelist: 0, IPv4: 0, IPv6: 2, Min Delay: -1 ms, Max Speed: 0.00 M/s, Avg Speed: 0.00 M/s, Max Resolution: None
Category: ☘️四川频道, Name: 汶川新闻综合, Total: 4, Valid: 0, Valid Percent: 0.00%, Whitelist: 0, IPv4: 0, IPv6: 4, Min Delay: -1 ms, Max Speed: 0.00 M/s, Avg Speed: 0.00 M/s, Max Resolution: None
Category: ☘️四川频道, Name: 沐川综合, Total: 2, Valid: 0, Valid Percent: 0.00%, Whitelist: 0, IPv4: 1, IPv6: 1, Min Delay: -1 ms, Max Speed: 0.00 M/s, Avg Speed: 0.00 M/s, Max Resolution: 1920x1080
Category: ☘️四川频道, Name: 泸县新闻综合, Total: 4, Valid: 0, Valid Percent: 0.00%, Whitelist: 0, IPv4: 0, IPv6: 4, Min Delay: -1 ms, Max Speed: 0.00 M/s, Avg Speed: 0.00 M/s, Max Resolution: None
Category: ☘️四川频道, Name: 甘孜综合, Total: 1, Valid: 0, Valid Percent: 0.00%, Whitelist: 0, IPv4: 0, IPv6: 1, Min Delay: -1 ms, Max Speed: 0.00 M/s, Avg Speed: 0.00 M/s, Max Resolution: None
Category: ☘️四川频道, Name: 石棉综合, Total: 2, Valid: 0, Valid Percent: 0.00%, Whitelist: 0, IPv4: 1, IPv6: 1, Min Delay: -1 ms, Max Speed: 0.00 M/s, Avg Speed: 0.00 M/s, Max Resolution: 1920x1080
Category: ☘️四川频道, Name: 绵阳科技, Total: 1, Valid: 0, Valid Percent: 0.00%, Whitelist: 0, IPv4: 0, IPv6: 1, Min Delay: -1 ms, Max Speed: 0.00 M/s, Avg Speed: 0.00 M/s, Max Resolution: None
Category: ☘️四川频道, Name: 荥经综合, Total: 3, Valid: 1, Valid Percent: 33.33%, Whitelist: 0, IPv4: 1, IPv6: 2, Min Delay: 1317 ms, Max Speed: 0.20 M/s, Avg Speed: 0.20 M/s, Max Resolution: 1920x1080
Category: ☘️四川频道, Name: 营山电视台, Total: 1, Valid: 0, Valid Percent: 0.00%, Whitelist: 0, IPv4: 0, IPv6: 1, Min Delay: -1 ms, Max Speed: 0.00 M/s, Avg Speed: 0.00 M/s, Max Resolution: None
Category: ☘️四川频道, Name: 蓬安新闻综合, Total: 2, Valid: 0, Valid Percent: 0.00%, Whitelist: 0, IPv4: 0, IPv6: 2, Min Delay: -1 ms, Max Speed: 0.00 M/s, Avg Speed: 0.00 M/s, Max Resolution: None
Category: ☘️四川频道, Name: 金川乡村, Total: 2, Valid: 2, Valid Percent: 100.00%, Whitelist: 0, IPv4: 2, IPv6: 0, Min Delay: 486 ms, Max Speed: 0.48 M/s, Avg Speed: 0.24 M/s, Max Resolution: 1024x576
Category: ☘️四川频道, Name: 金川新闻综合, Total: 8, Valid: 0, Valid Percent: 0.00%, Whitelist: 0, IPv4: 2, IPv6: 6, Min Delay: -1 ms, Max Speed: 0.00 M/s, Avg Speed: 0.00 M/s, Max Resolution: 1920x1080
Category: ☘️四川频道, Name: 长宁综合, Total: 1, Valid: 0, Valid Percent: 0.00%, Whitelist: 0, IPv4: 1, IPv6: 0, Min Delay: -1 ms, Max Speed: 0.00 M/s, Avg Speed: 0.00 M/s, Max Resolution: 1920x1080
Category: ☘️四川频道, Name: 雅安新闻综合, Total: 1, Valid: 1, Valid Percent: 100.00%, Whitelist: 0, IPv4: 1, IPv6: 0, Min Delay: 1460 ms, Max Speed: 0.68 M/s, Avg Speed: 0.68 M/s, Max Resolution: 1920x1080
Category: ☘️四川频道, Name: 青川综合, Total: 1, Valid: 1, Valid Percent: 100.00%, Whitelist: 0, IPv4: 1, IPv6: 0, Min Delay: 3368 ms, Max Speed: 1.20 M/s, Avg Speed: 1.20 M/s, Max Resolution: 1920x1080
Category: ☘️陕西频道, Name: 陕西新闻资讯, Total: 6, Valid: 1, Valid Percent: 16.67%, Whitelist: 0, IPv4: 1, IPv6: 5, Min Delay: 55 ms, Max Speed: 19.28 M/s, Avg Speed: 19.28 M/s, Max Resolution: 1920x1080
Category: ☘️陕西频道, Name: 陕西都市青春, Total: 5, Valid: 0, Valid Percent: 0.00%, Whitelist: 0, IPv4: 0, IPv6: 5, Min Delay: -1 ms, Max Speed: 0.00 M/s, Avg Speed: 0.00 M/s, Max Resolution: None
Category: ☘️陕西频道, Name: 陕西公共, Total: 1, Valid: 0, Valid Percent: 0.00%, Whitelist: 0, IPv4: 0, IPv6: 1, Min Delay: -1 ms, Max Speed: 0.00 M/s, Avg Speed: 0.00 M/s, Max Resolution: None
Category: ☘️陕西频道, Name: 陕西体育休闲, Total: 6, Valid: 1, Valid Percent: 16.67%, Whitelist: 0, IPv4: 1, IPv6: 5, Min Delay: 60 ms, Max Speed: 18.74 M/s, Avg Speed: 18.74 M/s, Max Resolution: 1920x1080
Category: ☘️福建频道, Name: 三明新闻综合, Total: 2, Valid: 0, Valid Percent: 0.00%, Whitelist: 0, IPv4: 0, IPv6: 2, Min Delay: -1 ms, Max Speed: 0.00 M/s, Avg Speed: 0.00 M/s, Max Resolution: None
Category: ☘️福建频道, Name: 云霄综合, Total: 4, Valid: 0, Valid Percent: 0.00%, Whitelist: 0, IPv4: 0, IPv6: 4, Min Delay: -1 ms, Max Speed: 0.00 M/s, Avg Speed: 0.00 M/s, Max Resolution: None
Category: ☘️福建频道, Name: 厦门卫视, Total: 1, Valid: 0, Valid Percent: 0.00%, Whitelist: 0, IPv4: 0, IPv6: 1, Min Delay: -1 ms, Max Speed: 0.00 M/s, Avg Speed: 0.00 M/s, Max Resolution: None
Category: ☘️福建频道, Name: 漳州新闻综合, Total: 3, Valid: 0, Valid Percent: 0.00%, Whitelist: 0, IPv4: 0, IPv6: 3, Min Delay: -1 ms, Max Speed: 0.00 M/s, Avg Speed: 0.00 M/s, Max Resolution: None
Category: ☘️福建频道, Name: 福州少儿, Total: 1, Valid: 0, Valid Percent: 0.00%, Whitelist: 0, IPv4: 0, IPv6: 1, Min Delay: -1 ms, Max Speed: 0.00 M/s, Avg Speed: 0.00 M/s, Max Resolution: None
Category: ☘️福建频道, Name: 福建新闻, Total: 6, Valid: 0, Valid Percent: 0.00%, Whitelist: 0, IPv4: 0, IPv6: 6, Min Delay: -1 ms, Max Speed: 0.00 M/s, Avg Speed: 0.00 M/s, Max Resolution: None
Category: ☘️福建频道, Name: 福建电视剧, Total: 6, Valid: 0, Valid Percent: 0.00%, Whitelist: 0, IPv4: 0, IPv6: 6, Min Delay: -1 ms, Max Speed: 0.00 M/s, Avg Speed: 0.00 M/s, Max Resolution: None
Category: ☘️福建频道, Name: 福建经济, Total: 5, Valid: 0, Valid Percent: 0.00%, Whitelist: 0, IPv4: 0, IPv6: 5, Min Delay: -1 ms, Max Speed: 0.00 M/s, Avg Speed: 0.00 M/s, Max Resolution: None
Category: ☘️福建频道, Name: 福建综合, Total: 6, Valid: 0, Valid Percent: 0.00%, Whitelist: 0, IPv4: 0, IPv6: 6, Min Delay: -1 ms, Max Speed: 0.00 M/s, Avg Speed: 0.00 M/s, Max Resolution: None
Category: ☘️福建频道, Name: 福建公共, Total: 2, Valid: 1, Valid Percent: 50.00%, Whitelist: 0, IPv4: 1, IPv6: 1, Min Delay: 450 ms, Max Speed: 0.05 M/s, Avg Speed: 0.05 M/s, Max Resolution: 1920x1080
Category: ☘️福建频道, Name: 福建旅游, Total: 2, Valid: 1, Valid Percent: 50.00%, Whitelist: 0, IPv4: 1, IPv6: 1, Min Delay: 467 ms, Max Speed: 0.05 M/s, Avg Speed: 0.05 M/s, Max Resolution: 1920x1080
Category: ☘️福建频道, Name: 福建经视, Total: 5, Valid: 0, Valid Percent: 0.00%, Whitelist: 0, IPv4: 0, IPv6: 5, Min Delay: -1 ms, Max Speed: 0.00 M/s, Avg Speed: 0.00 M/s, Max Resolution: None
Category: ☘️福建频道, Name: 福建少儿, Total: 6, Valid: 0, Valid Percent: 0.00%, Whitelist: 0, IPv4: 0, IPv6: 6, Min Delay: -1 ms, Max Speed: 0.00 M/s, Avg Speed: 0.00 M/s, Max Resolution: None
Category: ☘️海南频道, Name: 海南新闻, Total: 35, Valid: 0, Valid Percent: 0.00%, Whitelist: 0, IPv4: 0, IPv6: 35, Min Delay: -1 ms, Max Speed: 0.00 M/s, Avg Speed: 0.00 M/s, Max Resolution: None
Category: ☘️海南频道, Name: 海南自贸, Total: 33, Valid: 0, Valid Percent: 0.00%, Whitelist: 0, IPv4: 0, IPv6: 33, Min Delay: -1 ms, Max Speed: 0.00 M/s, Avg Speed: 0.00 M/s, Max Resolution: None
Category: ☘️海南频道, Name: 海南文旅, Total: 39, Valid: 0, Valid Percent: 0.00%, Whitelist: 0, IPv4: 0, IPv6: 39, Min Delay: -1 ms, Max Speed: 0.00 M/s, Avg Speed: 0.00 M/s, Max Resolution: None
Category: ☘️海南频道, Name: 海南少儿, Total: 33, Valid: 0, Valid Percent: 0.00%, Whitelist: 0, IPv4: 0, IPv6: 33, Min Delay: -1 ms, Max Speed: 0.00 M/s, Avg Speed: 0.00 M/s, Max Resolution: None
Category: ☘️海南频道, Name: 海南公共, Total: 39, Valid: 0, Valid Percent: 0.00%, Whitelist: 0, IPv4: 0, IPv6: 39, Min Delay: -1 ms, Max Speed: 0.00 M/s, Avg Speed: 0.00 M/s, Max Resolution: None
Category: ☘️河南频道, Name: 梨园, Total: 1, Valid: 1, Valid Percent: 100.00%, Whitelist: 0, IPv4: 1, IPv6: 0, Min Delay: 1588 ms, Max Speed: 1.00 M/s, Avg Speed: 1.00 M/s, Max Resolution: 1920x1080
Category: ☘️河南频道, Name: 临颍综合, Total: 1, Valid: 0, Valid Percent: 0.00%, Whitelist: 0, IPv4: 0, IPv6: 1, Min Delay: -1 ms, Max Speed: 0.00 M/s, Avg Speed: 0.00 M/s, Max Resolution: None
Category: ☘️河南频道, Name: 义马新闻综合, Total: 2, Valid: 0, Valid Percent: 0.00%, Whitelist: 0, IPv4: 0, IPv6: 2, Min Delay: -1 ms, Max Speed: 0.00 M/s, Avg Speed: 0.00 M/s, Max Resolution: None
Category: ☘️河南频道, Name: 光山综合, Total: 2, Valid: 0, Valid Percent: 0.00%, Whitelist: 0, IPv4: 0, IPv6: 2, Min Delay: -1 ms, Max Speed: 0.00 M/s, Avg Speed: 0.00 M/s, Max Resolution: None
Category: ☘️河南频道, Name: 兰考新闻, Total: 3, Valid: 0, Valid Percent: 0.00%, Whitelist: 0, IPv4: 0, IPv6: 3, Min Delay: -1 ms, Max Speed: 0.00 M/s, Avg Speed: 0.00 M/s, Max Resolution: None
Category: ☘️河南频道, Name: 卫辉综合, Total: 4, Valid: 0, Valid Percent: 0.00%, Whitelist: 0, IPv4: 0, IPv6: 4, Min Delay: -1 ms, Max Speed: 0.00 M/s, Avg Speed: 0.00 M/s, Max Resolution: None
Category: ☘️河南频道, Name: 叶县, Total: 2, Valid: 0, Valid Percent: 0.00%, Whitelist: 0, IPv4: 0, IPv6: 2, Min Delay: -1 ms, Max Speed: 0.00 M/s, Avg Speed: 0.00 M/s, Max Resolution: None
Category: ☘️河南频道, Name: 周口扶沟, Total: 1, Valid: 1, Valid Percent: 100.00%, Whitelist: 0, IPv4: 1, IPv6: 0, Min Delay: 10391 ms, Max Speed: 0.02 M/s, Avg Speed: 0.02 M/s, Max Resolution: 1920x1080
Category: ☘️河南频道, Name: 唐河一套, Total: 3, Valid: 0, Valid Percent: 0.00%, Whitelist: 0, IPv4: 0, IPv6: 3, Min Delay: -1 ms, Max Speed: 0.00 M/s, Avg Speed: 0.00 M/s, Max Resolution: None
Category: ☘️河南频道, Name: 固始综合, Total: 2, Valid: 0, Valid Percent: 0.00%, Whitelist: 0, IPv4: 0, IPv6: 2, Min Delay: -1 ms, Max Speed: 0.00 M/s, Avg Speed: 0.00 M/s, Max Resolution: None
Category: ☘️河南频道, Name: 宝丰综合, Total: 3, Valid: 0, Valid Percent: 0.00%, Whitelist: 0, IPv4: 0, IPv6: 3, Min Delay: -1 ms, Max Speed: 0.00 M/s, Avg Speed: 0.00 M/s, Max Resolution: None
Category: ☘️河南频道, Name: 巩义新闻综合, Total: 3, Valid: 0, Valid Percent: 0.00%, Whitelist: 0, IPv4: 0, IPv6: 3, Min Delay: -1 ms, Max Speed: 0.00 M/s, Avg Speed: 0.00 M/s, Max Resolution: None
Category: ☘️河南频道, Name: 扶沟综合, Total: 3, Valid: 0, Valid Percent: 0.00%, Whitelist: 0, IPv4: 0, IPv6: 3, Min Delay: -1 ms, Max Speed: 0.00 M/s, Avg Speed: 0.00 M/s, Max Resolution: None
Category: ☘️河南频道, Name: 新乡县电视台, Total: 1, Valid: 0, Valid Percent: 0.00%, Whitelist: 0, IPv4: 0, IPv6: 1, Min Delay: -1 ms, Max Speed: 0.00 M/s, Avg Speed: 0.00 M/s, Max Resolution: None
Category: ☘️河南频道, Name: 新县综合, Total: 2, Valid: 0, Valid Percent: 0.00%, Whitelist: 0, IPv4: 0, IPv6: 2, Min Delay: -1 ms, Max Speed: 0.00 M/s, Avg Speed: 0.00 M/s, Max Resolution: None
Category: ☘️河南频道, Name: 新蔡综合, Total: 3, Valid: 0, Valid Percent: 0.00%, Whitelist: 0, IPv4: 0, IPv6: 3, Min Delay: -1 ms, Max Speed: 0.00 M/s, Avg Speed: 0.00 M/s, Max Resolution: None
Category: ☘️河南频道, Name: 桐柏新闻综合, Total: 1, Valid: 0, Valid Percent: 0.00%, Whitelist: 0, IPv4: 0, IPv6: 1, Min Delay: -1 ms, Max Speed: 0.00 M/s, Avg Speed: 0.00 M/s, Max Resolution: None
Category: ☘️河南频道, Name: 泌阳新闻综合, Total: 3, Valid: 0, Valid Percent: 0.00%, Whitelist: 0, IPv4: 0, IPv6: 3, Min Delay: -1 ms, Max Speed: 0.00 M/s, Avg Speed: 0.00 M/s, Max Resolution: None
Category: ☘️河南频道, Name: 淅川电视, Total: 1, Valid: 0, Valid Percent: 0.00%, Whitelist: 0, IPv4: 0, IPv6: 1, Min Delay: -1 ms, Max Speed: 0.00 M/s, Avg Speed: 0.00 M/s, Max Resolution: None
Category: ☘️河南频道, Name: 渑池新闻综合, Total: 2, Valid: 0, Valid Percent: 0.00%, Whitelist: 0, IPv4: 0, IPv6: 2, Min Delay: -1 ms, Max Speed: 0.00 M/s, Avg Speed: 0.00 M/s, Max Resolution: None
Category: ☘️河南频道, Name: 温县综合, Total: 3, Valid: 0, Valid Percent: 0.00%, Whitelist: 0, IPv4: 0, IPv6: 3, Min Delay: -1 ms, Max Speed: 0.00 M/s, Avg Speed: 0.00 M/s, Max Resolution: None
Category: ☘️河南频道, Name: 潢川综合, Total: 2, Valid: 0, Valid Percent: 0.00%, Whitelist: 0, IPv4: 0, IPv6: 2, Min Delay: -1 ms, Max Speed: 0.00 M/s, Avg Speed: 0.00 M/s, Max Resolution: None
Category: ☘️河南频道, Name: 焦作综合, Total: 1, Valid: 0, Valid Percent: 0.00%, Whitelist: 0, IPv4: 0, IPv6: 1, Min Delay: -1 ms, Max Speed: 0.00 M/s, Avg Speed: 0.00 M/s, Max Resolution: None
Category: ☘️河南频道, Name: 登封综合, Total: 3, Valid: 0, Valid Percent: 0.00%, Whitelist: 0, IPv4: 0, IPv6: 3, Min Delay: -1 ms, Max Speed: 0.00 M/s, Avg Speed: 0.00 M/s, Max Resolution: None
Category: ☘️河南频道, Name: 禹州综合, Total: 1, Valid: 0, Valid Percent: 0.00%, Whitelist: 0, IPv4: 0, IPv6: 1, Min Delay: -1 ms, Max Speed: 0.00 M/s, Avg Speed: 0.00 M/s, Max Resolution: None
Category: ☘️河南频道, Name: 西华综合, Total: 3, Valid: 0, Valid Percent: 0.00%, Whitelist: 0, IPv4: 0, IPv6: 3, Min Delay: -1 ms, Max Speed: 0.00 M/s, Avg Speed: 0.00 M/s, Max Resolution: None
Category: ☘️河南频道, Name: 郏县综合, Total: 3, Valid: 0, Valid Percent: 0.00%, Whitelist: 0, IPv4: 0, IPv6: 3, Min Delay: -1 ms, Max Speed: 0.00 M/s, Avg Speed: 0.00 M/s, Max Resolution: None
Category: ☘️河南频道, Name: 郸城新闻综合, Total: 5, Valid: 0, Valid Percent: 0.00%, Whitelist: 0, IPv4: 0, IPv6: 5, Min Delay: -1 ms, Max Speed: 0.00 M/s, Avg Speed: 0.00 M/s, Max Resolution: None
Category: ☘️河南频道, Name: 鄢陵综合, Total: 2, Valid: 0, Valid Percent: 0.00%, Whitelist: 0, IPv4: 0, IPv6: 2, Min Delay: -1 ms, Max Speed: 0.00 M/s, Avg Speed: 0.00 M/s, Max Resolution: None
Category: ☘️河南频道, Name: 项城新闻, Total: 2, Valid: 0, Valid Percent: 0.00%, Whitelist: 0, IPv4: 0, IPv6: 2, Min Delay: -1 ms, Max Speed: 0.00 M/s, Avg Speed: 0.00 M/s, Max Resolution: None
Category: ☘️河南频道, Name: 鹤壁综合, Total: 1, Valid: 0, Valid Percent: 0.00%, Whitelist: 0, IPv4: 0, IPv6: 1, Min Delay: -1 ms, Max Speed: 0.00 M/s, Avg Speed: 0.00 M/s, Max Resolution: None
Category: ☘️河南频道, Name: 邓州新闻, Total: 1, Valid: 0, Valid Percent: 0.00%, Whitelist: 0, IPv4: 0, IPv6: 1, Min Delay: -1 ms, Max Speed: 0.00 M/s, Avg Speed: 0.00 M/s, Max Resolution: None
Category: ☘️河南频道, Name: 许昌公共, Total: 1, Valid: 0, Valid Percent: 0.00%, Whitelist: 0, IPv4: 0, IPv6: 1, Min Delay: -1 ms, Max Speed: 0.00 M/s, Avg Speed: 0.00 M/s, Max Resolution: None
Category: ☘️河南频道, Name: 荥阳综合, Total: 3, Valid: 0, Valid Percent: 0.00%, Whitelist: 0, IPv4: 0, IPv6: 3, Min Delay: -1 ms, Max Speed: 0.00 M/s, Avg Speed: 0.00 M/s, Max Resolution: None
Category: ☘️河南频道, Name: 焦作教育, Total: 1, Valid: 0, Valid Percent: 0.00%, Whitelist: 0, IPv4: 0, IPv6: 1, Min Delay: -1 ms, Max Speed: 0.00 M/s, Avg Speed: 0.00 M/s, Max Resolution: None
Category: ☘️河南频道, Name: 焦作公共, Total: 1, Valid: 0, Valid Percent: 0.00%, Whitelist: 0, IPv4: 0, IPv6: 1, Min Delay: -1 ms, Max Speed: 0.00 M/s, Avg Speed: 0.00 M/s, Max Resolution: None
Category: ☘️河南频道, Name: 灵宝新闻综合, Total: 1, Valid: 0, Valid Percent: 0.00%, Whitelist: 0, IPv4: 0, IPv6: 1, Min Delay: -1 ms, Max Speed: 0.00 M/s, Avg Speed: 0.00 M/s, Max Resolution: None
Category: ☘️河南频道, Name: 濮阳公共, Total: 1, Valid: 0, Valid Percent: 0.00%, Whitelist: 0, IPv4: 0, IPv6: 1, Min Delay: -1 ms, Max Speed: 0.00 M/s, Avg Speed: 0.00 M/s, Max Resolution: None
Category: ☘️河南频道, Name: 滑县新闻, Total: 1, Valid: 0, Valid Percent: 0.00%, Whitelist: 0, IPv4: 0, IPv6: 1, Min Delay: -1 ms, Max Speed: 0.00 M/s, Avg Speed: 0.00 M/s, Max Resolution: None
Category: ☘️河南频道, Name: 济源电视一套, Total: 2, Valid: 0, Valid Percent: 0.00%, Whitelist: 0, IPv4: 0, IPv6: 2, Min Delay: -1 ms, Max Speed: 0.00 M/s, Avg Speed: 0.00 M/s, Max Resolution: None
Category: ☘️河南频道, Name: 洛阳综合, Total: 2, Valid: 0, Valid Percent: 0.00%, Whitelist: 0, IPv4: 0, IPv6: 2, Min Delay: -1 ms, Max Speed: 0.00 M/s, Avg Speed: 0.00 M/s, Max Resolution: None
Category: ☘️河南频道, Name: 洛阳科教, Total: 2, Valid: 0, Valid Percent: 0.00%, Whitelist: 0, IPv4: 0, IPv6: 2, Min Delay: -1 ms, Max Speed: 0.00 M/s, Avg Speed: 0.00 M/s, Max Resolution: None
Category: ☘️河南频道, Name: 洛阳文旅, Total: 1, Valid: 0, Valid Percent: 0.00%, Whitelist: 0, IPv4: 0, IPv6: 1, Min Delay: -1 ms, Max Speed: 0.00 M/s, Avg Speed: 0.00 M/s, Max Resolution: None
Category: ☘️河南频道, Name: 河南都市, Total: 41, Valid: 1, Valid Percent: 2.44%, Whitelist: 0, IPv4: 1, IPv6: 40, Min Delay: 195 ms, Max Speed: 2.87 M/s, Avg Speed: 2.87 M/s, Max Resolution: 1920x1080
Category: ☘️河南频道, Name: 河南民生, Total: 40, Valid: 0, Valid Percent: 0.00%, Whitelist: 0, IPv4: 0, IPv6: 40, Min Delay: -1 ms, Max Speed: 0.00 M/s, Avg Speed: 0.00 M/s, Max Resolution: None
Category: ☘️河南频道, Name: 沁阳新闻综合, Total: 2, Valid: 0, Valid Percent: 0.00%, Whitelist: 0, IPv4: 0, IPv6: 2, Min Delay: -1 ms, Max Speed: 0.00 M/s, Avg Speed: 0.00 M/s, Max Resolution: None
Category: ☘️河南频道, Name: 永城综合, Total: 1, Valid: 0, Valid Percent: 0.00%, Whitelist: 0, IPv4: 0, IPv6: 1, Min Delay: -1 ms, Max Speed: 0.00 M/s, Avg Speed: 0.00 M/s, Max Resolution: None
Category: ☘️河南频道, Name: 方城一套, Total: 2, Valid: 0, Valid Percent: 0.00%, Whitelist: 0, IPv4: 0, IPv6: 2, Min Delay: -1 ms, Max Speed: 0.00 M/s, Avg Speed: 0.00 M/s, Max Resolution: None
Category: ☘️河南频道, Name: 新野综合, Total: 3, Valid: 0, Valid Percent: 0.00%, Whitelist: 0, IPv4: 0, IPv6: 3, Min Delay: -1 ms, Max Speed: 0.00 M/s, Avg Speed: 0.00 M/s, Max Resolution: None
Category: ☘️河南频道, Name: 新安新闻综合, Total: 3, Valid: 0, Valid Percent: 0.00%, Whitelist: 0, IPv4: 0, IPv6: 3, Min Delay: -1 ms, Max Speed: 0.00 M/s, Avg Speed: 0.00 M/s, Max Resolution: None
Category: ☘️河南频道, Name: 开封新闻综合, Total: 2, Valid: 0, Valid Percent: 0.00%, Whitelist: 0, IPv4: 0, IPv6: 2, Min Delay: -1 ms, Max Speed: 0.00 M/s, Avg Speed: 0.00 M/s, Max Resolution: None
Category: ☘️河南频道, Name: 开封文化旅游, Total: 3, Valid: 0, Valid Percent: 0.00%, Whitelist: 0, IPv4: 0, IPv6: 3, Min Delay: -1 ms, Max Speed: 0.00 M/s, Avg Speed: 0.00 M/s, Max Resolution: None
Category: ☘️河南频道, Name: 嵩县综合新闻, Total: 1, Valid: 0, Valid Percent: 0.00%, Whitelist: 0, IPv4: 0, IPv6: 1, Min Delay: -1 ms, Max Speed: 0.00 M/s, Avg Speed: 0.00 M/s, Max Resolution: None
Category: ☘️河南频道, Name: 宜阳综合, Total: 4, Valid: 0, Valid Percent: 0.00%, Whitelist: 0, IPv4: 0, IPv6: 4, Min Delay: -1 ms, Max Speed: 0.00 M/s, Avg Speed: 0.00 M/s, Max Resolution: None
Category: ☘️河南频道, Name: 周口新闻综合, Total: 2, Valid: 0, Valid Percent: 0.00%, Whitelist: 0, IPv4: 0, IPv6: 2, Min Delay: -1 ms, Max Speed: 0.00 M/s, Avg Speed: 0.00 M/s, Max Resolution: None
Category: ☘️河南频道, Name: 内黄综合, Total: 3, Valid: 0, Valid Percent: 0.00%, Whitelist: 0, IPv4: 0, IPv6: 3, Min Delay: -1 ms, Max Speed: 0.00 M/s, Avg Speed: 0.00 M/s, Max Resolution: None
Category: ☘️河南频道, Name: 内乡综合, Total: 1, Valid: 0, Valid Percent: 0.00%, Whitelist: 0, IPv4: 0, IPv6: 1, Min Delay: -1 ms, Max Speed: 0.00 M/s, Avg Speed: 0.00 M/s, Max Resolution: None
Category: ☘️河南频道, Name: 偃师新闻, Total: 2, Valid: 0, Valid Percent: 0.00%, Whitelist: 0, IPv4: 0, IPv6: 2, Min Delay: -1 ms, Max Speed: 0.00 M/s, Avg Speed: 0.00 M/s, Max Resolution: None
Category: ☘️河北频道, Name: 鹿泉一套, Total: 1, Valid: 0, Valid Percent: 0.00%, Whitelist: 0, IPv4: 0, IPv6: 1, Min Delay: -1 ms, Max Speed: 0.00 M/s, Avg Speed: 0.00 M/s, Max Resolution: None
Category: ☘️河北频道, Name: 邯郸科技教育, Total: 1, Valid: 0, Valid Percent: 0.00%, Whitelist: 0, IPv4: 0, IPv6: 1, Min Delay: -1 ms, Max Speed: 0.00 M/s, Avg Speed: 0.00 M/s, Max Resolution: None
Category: ☘️河北频道, Name: 邯郸公共, Total: 1, Valid: 0, Valid Percent: 0.00%, Whitelist: 0, IPv4: 0, IPv6: 1, Min Delay: -1 ms, Max Speed: 0.00 M/s, Avg Speed: 0.00 M/s, Max Resolution: None
Category: ☘️河北频道, Name: 邯郸新闻, Total: 1, Valid: 0, Valid Percent: 0.00%, Whitelist: 0, IPv4: 0, IPv6: 1, Min Delay: -1 ms, Max Speed: 0.00 M/s, Avg Speed: 0.00 M/s, Max Resolution: None
Category: ☘️河北频道, Name: 邯郸科教, Total: 1, Valid: 0, Valid Percent: 0.00%, Whitelist: 0, IPv4: 0, IPv6: 1, Min Delay: -1 ms, Max Speed: 0.00 M/s, Avg Speed: 0.00 M/s, Max Resolution: None
Category: ☘️河北频道, Name: 邢台综合, Total: 11, Valid: 0, Valid Percent: 0.00%, Whitelist: 0, IPv4: 0, IPv6: 11, Min Delay: -1 ms, Max Speed: 0.00 M/s, Avg Speed: 0.00 M/s, Max Resolution: None
Category: ☘️河北频道, Name: 衡水公共, Total: 1, Valid: 0, Valid Percent: 0.00%, Whitelist: 0, IPv4: 0, IPv6: 1, Min Delay: -1 ms, Max Speed: 0.00 M/s, Avg Speed: 0.00 M/s, Max Resolution: None
Category: ☘️河北频道, Name: 石家庄都市, Total: 4, Valid: 0, Valid Percent: 0.00%, Whitelist: 0, IPv4: 0, IPv6: 4, Min Delay: -1 ms, Max Speed: 0.00 M/s, Avg Speed: 0.00 M/s, Max Resolution: None
Category: ☘️河北频道, Name: 石家庄生活, Total: 4, Valid: 0, Valid Percent: 0.00%, Whitelist: 0, IPv4: 0, IPv6: 4, Min Delay: -1 ms, Max Speed: 0.00 M/s, Avg Speed: 0.00 M/s, Max Resolution: None
Category: ☘️河北频道, Name: 石家庄新闻综合, Total: 5, Valid: 0, Valid Percent: 0.00%, Whitelist: 0, IPv4: 0, IPv6: 5, Min Delay: -1 ms, Max Speed: 0.00 M/s, Avg Speed: 0.00 M/s, Max Resolution: None
Category: ☘️河北频道, Name: 石家庄娱乐, Total: 5, Valid: 0, Valid Percent: 0.00%, Whitelist: 0, IPv4: 0, IPv6: 5, Min Delay: -1 ms, Max Speed: 0.00 M/s, Avg Speed: 0.00 M/s, Max Resolution: None
Category: ☘️河北频道, Name: 滦平新闻, Total: 1, Valid: 0, Valid Percent: 0.00%, Whitelist: 0, IPv4: 0, IPv6: 1, Min Delay: -1 ms, Max Speed: 0.00 M/s, Avg Speed: 0.00 M/s, Max Resolution: None
Category: ☘️河北频道, Name: 河北都市, Total: 2, Valid: 1, Valid Percent: 50.00%, Whitelist: 0, IPv4: 1, IPv6: 1, Min Delay: 915 ms, Max Speed: 0.11 M/s, Avg Speed: 0.11 M/s, Max Resolution: None
Category: ☘️河北频道, Name: 河北农民, Total: 5, Valid: 0, Valid Percent: 0.00%, Whitelist: 0, IPv4: 0, IPv6: 5, Min Delay: -1 ms, Max Speed: 0.00 M/s, Avg Speed: 0.00 M/s, Max Resolution: None
Category: ☘️河北频道, Name: 昌黎综合, Total: 2, Valid: 0, Valid Percent: 0.00%, Whitelist: 0, IPv4: 0, IPv6: 2, Min Delay: -1 ms, Max Speed: 0.00 M/s, Avg Speed: 0.00 M/s, Max Resolution: None
Category: ☘️河北频道, Name: 任丘文娱, Total: 2, Valid: 0, Valid Percent: 0.00%, Whitelist: 0, IPv4: 0, IPv6: 2, Min Delay: -1 ms, Max Speed: 0.00 M/s, Avg Speed: 0.00 M/s, Max Resolution: None
Category: ☘️河北频道, Name: 任丘综合, Total: 2, Valid: 0, Valid Percent: 0.00%, Whitelist: 0, IPv4: 0, IPv6: 2, Min Delay: -1 ms, Max Speed: 0.00 M/s, Avg Speed: 0.00 M/s, Max Resolution: None
Category: ☘️河北频道, Name: 兴隆综合, Total: 2, Valid: 0, Valid Percent: 0.00%, Whitelist: 0, IPv4: 0, IPv6: 2, Min Delay: -1 ms, Max Speed: 0.00 M/s, Avg Speed: 0.00 M/s, Max Resolution: None
Category: ☘️河北频道, Name: 平泉影视, Total: 1, Valid: 0, Valid Percent: 0.00%, Whitelist: 0, IPv4: 0, IPv6: 1, Min Delay: -1 ms, Max Speed: 0.00 M/s, Avg Speed: 0.00 M/s, Max Resolution: None
Category: ☘️河北频道, Name: 平泉综合, Total: 1, Valid: 0, Valid Percent: 0.00%, Whitelist: 0, IPv4: 0, IPv6: 1, Min Delay: -1 ms, Max Speed: 0.00 M/s, Avg Speed: 0.00 M/s, Max Resolution: None
Category: ☘️河北频道, Name: 清河新闻综合, Total: 2, Valid: 0, Valid Percent: 0.00%, Whitelist: 0, IPv4: 0, IPv6: 2, Min Delay: -1 ms, Max Speed: 0.00 M/s, Avg Speed: 0.00 M/s, Max Resolution: None
Category: ☘️河北频道, Name: 清河经济综艺, Total: 2, Valid: 0, Valid Percent: 0.00%, Whitelist: 0, IPv4: 0, IPv6: 2, Min Delay: -1 ms, Max Speed: 0.00 M/s, Avg Speed: 0.00 M/s, Max Resolution: None
Category: ☘️贵州频道, Name: 安顺新闻, Total: 2, Valid: 0, Valid Percent: 0.00%, Whitelist: 0, IPv4: 0, IPv6: 2, Min Delay: -1 ms, Max Speed: 0.00 M/s, Avg Speed: 0.00 M/s, Max Resolution: None
Category: ☘️贵州频道, Name: 贵州移动电视, Total: 2, Valid: 1, Valid Percent: 50.00%, Whitelist: 0, IPv4: 2, IPv6: 0, Min Delay: 607 ms, Max Speed: 0.02 M/s, Avg Speed: 0.02 M/s, Max Resolution: 1920x1080
Category: ☘️甘肃频道, Name: 甘肃经济, Total: 1, Valid: 0, Valid Percent: 0.00%, Whitelist: 0, IPv4: 0, IPv6: 1, Min Delay: -1 ms, Max Speed: 0.00 M/s, Avg Speed: 0.00 M/s, Max Resolution: None
Category: ☘️甘肃频道, Name: 甘肃都市, Total: 2, Valid: 1, Valid Percent: 50.00%, Whitelist: 0, IPv4: 1, IPv6: 1, Min Delay: 79 ms, Max Speed: 1.27 M/s, Avg Speed: 1.27 M/s, Max Resolution: None
Category: ☘️甘肃频道, Name: 临夏州综合, Total: 1, Valid: 1, Valid Percent: 100.00%, Whitelist: 0, IPv4: 1, IPv6: 0, Min Delay: 680 ms, Max Speed: 0.21 M/s, Avg Speed: 0.21 M/s, Max Resolution: 720x576
Category: ☘️甘肃频道, Name: 嘉峪关综合, Total: 1, Valid: 1, Valid Percent: 100.00%, Whitelist: 0, IPv4: 1, IPv6: 0, Min Delay: 658 ms, Max Speed: 0.15 M/s, Avg Speed: 0.15 M/s, Max Resolution: 1920x1080
Category: ☘️甘肃频道, Name: 天祝综合, Total: 1, Valid: 1, Valid Percent: 100.00%, Whitelist: 0, IPv4: 1, IPv6: 0, Min Delay: 986 ms, Max Speed: 0.05 M/s, Avg Speed: 0.05 M/s, Max Resolution: 1920x1080
Category: ☘️甘肃频道, Name: 永昌综合, Total: 1, Valid: 1, Valid Percent: 100.00%, Whitelist: 0, IPv4: 1, IPv6: 0, Min Delay: 1274 ms, Max Speed: 1.46 M/s, Avg Speed: 1.46 M/s, Max Resolution: 1920x1080
Category: ☘️甘肃频道, Name: 甘南综合, Total: 1, Valid: 1, Valid Percent: 100.00%, Whitelist: 0, IPv4: 1, IPv6: 0, Min Delay: 1180 ms, Max Speed: 0.21 M/s, Avg Speed: 0.21 M/s, Max Resolution: 1920x1080
Category: ☘️甘肃频道, Name: 甘肃少儿, Total: 1, Valid: 0, Valid Percent: 0.00%, Whitelist: 0, IPv4: 0, IPv6: 1, Min Delay: -1 ms, Max Speed: 0.00 M/s, Avg Speed: 0.00 M/s, Max Resolution: None
Category: ☘️甘肃频道, Name: 白银综合, Total: 2, Valid: 2, Valid Percent: 100.00%, Whitelist: 0, IPv4: 2, IPv6: 0, Min Delay: 1188 ms, Max Speed: 1.41 M/s, Avg Speed: 1.33 M/s, Max Resolution: 1920x1080
Category: ☘️甘肃频道, Name: 秦安综合, Total: 1, Valid: 1, Valid Percent: 100.00%, Whitelist: 0, IPv4: 1, IPv6: 0, Min Delay: 1559 ms, Max Speed: 1.16 M/s, Avg Speed: 1.16 M/s, Max Resolution: 1920x1080
Category: ☘️甘肃频道, Name: 西峰综合, Total: 1, Valid: 1, Valid Percent: 100.00%, Whitelist: 0, IPv4: 1, IPv6: 0, Min Delay: 1742 ms, Max Speed: 1.82 M/s, Avg Speed: 1.82 M/s, Max Resolution: 1280x720
Category: ☘️甘肃频道, Name: 酒泉综合, Total: 1, Valid: 0, Valid Percent: 0.00%, Whitelist: 0, IPv4: 0, IPv6: 1, Min Delay: -1 ms, Max Speed: 0.00 M/s, Avg Speed: 0.00 M/s, Max Resolution: None
Category: ☘️甘肃频道, Name: 金昌综合, Total: 1, Valid: 0, Valid Percent: 0.00%, Whitelist: 0, IPv4: 1, IPv6: 0, Min Delay: 186 ms, Max Speed: 0.00 M/s, Avg Speed: 0.00 M/s, Max Resolution: None
Category: ☘️新疆频道, Name: 哈密一套, Total: 1, Valid: 1, Valid Percent: 100.00%, Whitelist: 0, IPv4: 1, IPv6: 0, Min Delay: 295 ms, Max Speed: 0.16 M/s, Avg Speed: 0.16 M/s, Max Resolution: 1920x1080
Category: ☘️新疆频道, Name: 哈密二套, Total: 1, Valid: 1, Valid Percent: 100.00%, Whitelist: 0, IPv4: 1, IPv6: 0, Min Delay: 148 ms, Max Speed: 4.40 M/s, Avg Speed: 4.40 M/s, Max Resolution: 1920x1080
Category: ☘️新疆频道, Name: 哈密三套, Total: 1, Valid: 1, Valid Percent: 100.00%, Whitelist: 0, IPv4: 1, IPv6: 0, Min Delay: 123 ms, Max Speed: 4.87 M/s, Avg Speed: 4.87 M/s, Max Resolution: 1920x1080
Category: ☘️新疆频道, Name: 伊犁维吾尔, Total: 2, Valid: 2, Valid Percent: 100.00%, Whitelist: 0, IPv4: 2, IPv6: 0, Min Delay: 2896 ms, Max Speed: 2.00 M/s, Avg Speed: 1.43 M/s, Max Resolution: None
Category: ☘️新疆频道, Name: 伊犁哈萨克, Total: 2, Valid: 2, Valid Percent: 100.00%, Whitelist: 0, IPv4: 2, IPv6: 0, Min Delay: 4587 ms, Max Speed: 1.55 M/s, Avg Speed: 1.21 M/s, Max Resolution: None
Category: ☘️新疆频道, Name: 伊犁经济法制, Total: 2, Valid: 2, Valid Percent: 100.00%, Whitelist: 0, IPv4: 2, IPv6: 0, Min Delay: 3043 ms, Max Speed: 1.98 M/s, Avg Speed: 1.90 M/s, Max Resolution: None
Category: ☘️新疆频道, Name: 兵团五师双河新闻综合, Total: 2, Valid: 2, Valid Percent: 100.00%, Whitelist: 0, IPv4: 2, IPv6: 0, Min Delay: 997 ms, Max Speed: 0.20 M/s, Avg Speed: 0.19 M/s, Max Resolution: 720x576
Category: ☘️新疆频道, Name: 奎屯哈萨克语, Total: 2, Valid: 2, Valid Percent: 100.00%, Whitelist: 0, IPv4: 2, IPv6: 0, Min Delay: 1761 ms, Max Speed: 0.08 M/s, Avg Speed: 0.08 M/s, Max Resolution: 1920x1080
Category: ☘️新疆频道, Name: 玛纳斯综合, Total: 3, Valid: 3, Valid Percent: 100.00%, Whitelist: 0, IPv4: 3, IPv6: 0, Min Delay: 4184 ms, Max Speed: 0.26 M/s, Avg Speed: 0.25 M/s, Max Resolution: 1920x1080
Category: ☘️新疆频道, Name: 新疆卫视, Total: 15, Valid: 0, Valid Percent: 0.00%, Whitelist: 0, IPv4: 0, IPv6: 15, Min Delay: -1 ms, Max Speed: 0.00 M/s, Avg Speed: 0.00 M/s, Max Resolution: None
Category: ☘️新疆频道, Name: 可克达拉综合, Total: 2, Valid: 1, Valid Percent: 50.00%, Whitelist: 0, IPv4: 2, IPv6: 0, Min Delay: 10041 ms, Max Speed: 0.15 M/s, Avg Speed: 0.15 M/s, Max Resolution: 1920x1080
Category: ☘️新疆频道, Name: 奎屯汉语综合, Total: 1, Valid: 1, Valid Percent: 100.00%, Whitelist: 0, IPv4: 1, IPv6: 0, Min Delay: 1468 ms, Max Speed: 0.09 M/s, Avg Speed: 0.09 M/s, Max Resolution: 0x0
Category: ☘️新疆频道, Name: 巴音郭楞州, Total: 1, Valid: 0, Valid Percent: 0.00%, Whitelist: 0, IPv4: 1, IPv6: 0, Min Delay: -1 ms, Max Speed: 0.00 M/s, Avg Speed: 0.00 M/s, Max Resolution: 1920x1080
Category: ☘️新疆频道, Name: 石河子新闻综合, Total: 1, Valid: 0, Valid Percent: 0.00%, Whitelist: 0, IPv4: 1, IPv6: 0, Min Delay: 5054 ms, Max Speed: 0.00 M/s, Avg Speed: 0.00 M/s, Max Resolution: None
Category: ☘️山东频道, Name: 山东少儿, Total: 9, Valid: 0, Valid Percent: 0.00%, Whitelist: 0, IPv4: 0, IPv6: 9, Min Delay: -1 ms, Max Speed: 0.00 M/s, Avg Speed: 0.00 M/s, Max Resolution: None
Category: ☘️山东频道, Name: 山东新闻, Total: 7, Valid: 0, Valid Percent: 0.00%, Whitelist: 0, IPv4: 0, IPv6: 7, Min Delay: -1 ms, Max Speed: 0.00 M/s, Avg Speed: 0.00 M/s, Max Resolution: None
Category: ☘️山东频道, Name: 山东教育, Total: 40, Valid: 1, Valid Percent: 2.50%, Whitelist: 0, IPv4: 1, IPv6: 39, Min Delay: 86 ms, Max Speed: 14.98 M/s, Avg Speed: 14.98 M/s, Max Resolution: 1920x1080
Category: ☘️山东频道, Name: 山东农科, Total: 1, Valid: 0, Valid Percent: 0.00%, Whitelist: 0, IPv4: 1, IPv6: 0, Min Delay: 10853 ms, Max Speed: 0.00 M/s, Avg Speed: 0.00 M/s, Max Resolution: None
Category: ☘️山东频道, Name: 山东生活, Total: 1, Valid: 0, Valid Percent: 0.00%, Whitelist: 0, IPv4: 0, IPv6: 1, Min Delay: -1 ms, Max Speed: 0.00 M/s, Avg Speed: 0.00 M/s, Max Resolution: None
Category: ☘️山东频道, Name: 山东体育, Total: 11, Valid: 0, Valid Percent: 0.00%, Whitelist: 0, IPv4: 0, IPv6: 11, Min Delay: -1 ms, Max Speed: 0.00 M/s, Avg Speed: 0.00 M/s, Max Resolution: None
Category: ☘️山东频道, Name: 山东文旅, Total: 1, Valid: 0, Valid Percent: 0.00%, Whitelist: 0, IPv4: 1, IPv6: 0, Min Delay: 10452 ms, Max Speed: 0.00 M/s, Avg Speed: 0.00 M/s, Max Resolution: None
Category: ☘️山东频道, Name: 山东综艺, Total: 1, Valid: 0, Valid Percent: 0.00%, Whitelist: 0, IPv4: 1, IPv6: 0, Min Delay: 10387 ms, Max Speed: 0.00 M/s, Avg Speed: 0.00 M/s, Max Resolution: None
Category: ☘️山东频道, Name: 济南综合, Total: 2, Valid: 0, Valid Percent: 0.00%, Whitelist: 0, IPv4: 0, IPv6: 2, Min Delay: -1 ms, Max Speed: 0.00 M/s, Avg Speed: 0.00 M/s, Max Resolution: None
Category: ☘️山东频道, Name: 济南新闻综合, Total: 2, Valid: 0, Valid Percent: 0.00%, Whitelist: 0, IPv4: 0, IPv6: 2, Min Delay: -1 ms, Max Speed: 0.00 M/s, Avg Speed: 0.00 M/s, Max Resolution: None
Category: ☘️山东频道, Name: 济南教育, Total: 1, Valid: 0, Valid Percent: 0.00%, Whitelist: 0, IPv4: 0, IPv6: 1, Min Delay: -1 ms, Max Speed: 0.00 M/s, Avg Speed: 0.00 M/s, Max Resolution: None
Category: ☘️山东频道, Name: 潍坊新闻综合, Total: 2, Valid: 0, Valid Percent: 0.00%, Whitelist: 0, IPv4: 0, IPv6: 2, Min Delay: -1 ms, Max Speed: 0.00 M/s, Avg Speed: 0.00 M/s, Max Resolution: None
Category: ☘️山西频道, Name: 万荣综合, Total: 1, Valid: 1, Valid Percent: 100.00%, Whitelist: 0, IPv4: 1, IPv6: 0, Min Delay: 1789 ms, Max Speed: 0.16 M/s, Avg Speed: 0.16 M/s, Max Resolution: 720x404
Category: ☘️山西频道, Name: 大宁综合, Total: 1, Valid: 1, Valid Percent: 100.00%, Whitelist: 0, IPv4: 1, IPv6: 0, Min Delay: 1097 ms, Max Speed: 0.07 M/s, Avg Speed: 0.07 M/s, Max Resolution: None
Category: ☘️山西频道, Name: 太谷新闻综合, Total: 3, Valid: 3, Valid Percent: 100.00%, Whitelist: 0, IPv4: 3, IPv6: 0, Min Delay: 442 ms, Max Speed: 1.19 M/s, Avg Speed: 0.93 M/s, Max Resolution: 1920x1080
Category: ☘️山西频道, Name: 平遥新闻综合, Total: 1, Valid: 1, Valid Percent: 100.00%, Whitelist: 0, IPv4: 1, IPv6: 0, Min Delay: 1155 ms, Max Speed: 0.18 M/s, Avg Speed: 0.18 M/s, Max Resolution: 1920x1080
Category: ☘️山西频道, Name: 武乡新闻综合, Total: 4, Valid: 0, Valid Percent: 0.00%, Whitelist: 0, IPv4: 0, IPv6: 4, Min Delay: -1 ms, Max Speed: 0.00 M/s, Avg Speed: 0.00 M/s, Max Resolution: None
Category: ☘️山西频道, Name: 祁县新闻综合, Total: 1, Valid: 1, Valid Percent: 100.00%, Whitelist: 0, IPv4: 1, IPv6: 0, Min Delay: 10007 ms, Max Speed: 0.03 M/s, Avg Speed: 0.03 M/s, Max Resolution: 640x360
Category: ☘️山西频道, Name: 运城科技教育, Total: 2, Valid: 0, Valid Percent: 0.00%, Whitelist: 0, IPv4: 0, IPv6: 2, Min Delay: -1 ms, Max Speed: 0.00 M/s, Avg Speed: 0.00 M/s, Max Resolution: None
Category: ☘️山西频道, Name: 长子综合, Total: 1, Valid: 1, Valid Percent: 100.00%, Whitelist: 0, IPv4: 1, IPv6: 0, Min Delay: 10861 ms, Max Speed: 0.08 M/s, Avg Speed: 0.08 M/s, Max Resolution: 720x576
Category: ☘️山西频道, Name: 黎城综合, Total: 2, Valid: 2, Valid Percent: 100.00%, Whitelist: 0, IPv4: 2, IPv6: 0, Min Delay: 1660 ms, Max Speed: 1.59 M/s, Avg Speed: 1.56 M/s, Max Resolution: 1920x1080
Category: ☘️安徽频道, Name: 安徽国际, Total: 2, Valid: 0, Valid Percent: 0.00%, Whitelist: 0, IPv4: 0, IPv6: 2, Min Delay: -1 ms, Max Speed: 0.00 M/s, Avg Speed: 0.00 M/s, Max Resolution: None
Category: ☘️安徽频道, Name: 安徽影视, Total: 5, Valid: 0, Valid Percent: 0.00%, Whitelist: 0, IPv4: 0, IPv6: 5, Min Delay: -1 ms, Max Speed: 0.00 M/s, Avg Speed: 0.00 M/s, Max Resolution: None
Category: ☘️安徽频道, Name: 安徽经济生活, Total: 1, Valid: 0, Valid Percent: 0.00%, Whitelist: 0, IPv4: 0, IPv6: 1, Min Delay: -1 ms, Max Speed: 0.00 M/s, Avg Speed: 0.00 M/s, Max Resolution: None
Category: ☘️安徽频道, Name: 安徽综艺体育, Total: 5, Valid: 0, Valid Percent: 0.00%, Whitelist: 0, IPv4: 0, IPv6: 5, Min Delay: -1 ms, Max Speed: 0.00 M/s, Avg Speed: 0.00 M/s, Max Resolution: None
Category: ☘️安徽频道, Name: 安徽导视, Total: 1, Valid: 0, Valid Percent: 0.00%, Whitelist: 0, IPv4: 0, IPv6: 1, Min Delay: -1 ms, Max Speed: 0.00 M/s, Avg Speed: 0.00 M/s, Max Resolution: None
Category: ☘️安徽频道, Name: 合肥新闻, Total: 2, Valid: 1, Valid Percent: 50.00%, Whitelist: 0, IPv4: 2, IPv6: 0, Min Delay: 413 ms, Max Speed: 0.21 M/s, Avg Speed: 0.21 M/s, Max Resolution: 720x576
Category: ☘️安徽频道, Name: 固镇新闻, Total: 1, Valid: 1, Valid Percent: 100.00%, Whitelist: 0, IPv4: 1, IPv6: 0, Min Delay: 4529 ms, Max Speed: 0.24 M/s, Avg Speed: 0.24 M/s, Max Resolution: 1920x1080
Category: ☘️安徽频道, Name: 黄山新闻综合, Total: 2, Valid: 0, Valid Percent: 0.00%, Whitelist: 0, IPv4: 0, IPv6: 2, Min Delay: -1 ms, Max Speed: 0.00 M/s, Avg Speed: 0.00 M/s, Max Resolution: None
Category: ☘️安徽频道, Name: 黄山公共生活, Total: 1, Valid: 0, Valid Percent: 0.00%, Whitelist: 0, IPv4: 0, IPv6: 1, Min Delay: -1 ms, Max Speed: 0.00 M/s, Avg Speed: 0.00 M/s, Max Resolution: None
Category: ☘️安徽频道, Name: 铜陵新闻综合, Total: 1, Valid: 0, Valid Percent: 0.00%, Whitelist: 0, IPv4: 0, IPv6: 1, Min Delay: -1 ms, Max Speed: 0.00 M/s, Avg Speed: 0.00 M/s, Max Resolution: None
Category: ☘️安徽频道, Name: 祁门综合, Total: 3, Valid: 0, Valid Percent: 0.00%, Whitelist: 0, IPv4: 2, IPv6: 1, Min Delay: -1 ms, Max Speed: 0.00 M/s, Avg Speed: 0.00 M/s, Max Resolution: 1920x1080
Category: ☘️安徽频道, Name: 灵璧综合, Total: 2, Valid: 2, Valid Percent: 100.00%, Whitelist: 0, IPv4: 2, IPv6: 0, Min Delay: 2142 ms, Max Speed: 0.28 M/s, Avg Speed: 0.26 M/s, Max Resolution: 640x480
Category: ☘️安徽频道, Name: 滁州科教, Total: 3, Valid: 0, Valid Percent: 0.00%, Whitelist: 0, IPv4: 0, IPv6: 3, Min Delay: -1 ms, Max Speed: 0.00 M/s, Avg Speed: 0.00 M/s, Max Resolution: None
Category: ☘️安徽频道, Name: 滁州新闻综合, Total: 1, Valid: 0, Valid Percent: 0.00%, Whitelist: 0, IPv4: 0, IPv6: 1, Min Delay: -1 ms, Max Speed: 0.00 M/s, Avg Speed: 0.00 M/s, Max Resolution: None
Category: ☘️安徽频道, Name: 滁州市广播电视台 新闻综合, Total: 1, Valid: 0, Valid Percent: 0.00%, Whitelist: 0, IPv4: 0, IPv6: 1, Min Delay: -1 ms, Max Speed: 0.00 M/s, Avg Speed: 0.00 M/s, Max Resolution: None
Category: ☘️安徽频道, Name: 滁州市广播电视台 公共, Total: 1, Valid: 0, Valid Percent: 0.00%, Whitelist: 0, IPv4: 0, IPv6: 1, Min Delay: -1 ms, Max Speed: 0.00 M/s, Avg Speed: 0.00 M/s, Max Resolution: None
Category: ☘️安徽频道, Name: 滁州公共, Total: 1, Valid: 0, Valid Percent: 0.00%, Whitelist: 0, IPv4: 0, IPv6: 1, Min Delay: -1 ms, Max Speed: 0.00 M/s, Avg Speed: 0.00 M/s, Max Resolution: None
Category: ☘️安徽频道, Name: 涡阳新闻综合, Total: 1, Valid: 1, Valid Percent: 100.00%, Whitelist: 0, IPv4: 1, IPv6: 0, Min Delay: 1398 ms, Max Speed: 0.33 M/s, Avg Speed: 0.33 M/s, Max Resolution: 544x480
Category: ☘️安徽频道, Name: 宿州新闻综合, Total: 3, Valid: 0, Valid Percent: 0.00%, Whitelist: 0, IPv4: 0, IPv6: 3, Min Delay: -1 ms, Max Speed: 0.00 M/s, Avg Speed: 0.00 M/s, Max Resolution: None
Category: ☘️安徽频道, Name: 宿州公共, Total: 1, Valid: 0, Valid Percent: 0.00%, Whitelist: 0, IPv4: 0, IPv6: 1, Min Delay: -1 ms, Max Speed: 0.00 M/s, Avg Speed: 0.00 M/s, Max Resolution: None
Category: ☘️安徽频道, Name: 六安新闻综合, Total: 1, Valid: 0, Valid Percent: 0.00%, Whitelist: 0, IPv4: 0, IPv6: 1, Min Delay: -1 ms, Max Speed: 0.00 M/s, Avg Speed: 0.00 M/s, Max Resolution: None
Category: ☘️安徽频道, Name: 六安公共, Total: 1, Valid: 0, Valid Percent: 0.00%, Whitelist: 0, IPv4: 0, IPv6: 1, Min Delay: -1 ms, Max Speed: 0.00 M/s, Avg Speed: 0.00 M/s, Max Resolution: None
Category: ☘️安徽频道, Name: 亳州新闻, Total: 1, Valid: 0, Valid Percent: 0.00%, Whitelist: 0, IPv4: 0, IPv6: 1, Min Delay: -1 ms, Max Speed: 0.00 M/s, Avg Speed: 0.00 M/s, Max Resolution: None
Category: ☘️安徽频道, Name: 亳州农村, Total: 2, Valid: 0, Valid Percent: 0.00%, Whitelist: 0, IPv4: 0, IPv6: 2, Min Delay: -1 ms, Max Speed: 0.00 M/s, Avg Speed: 0.00 M/s, Max Resolution: None
Category: ☘️宁夏频道, Name: 宁夏经济, Total: 1, Valid: 0, Valid Percent: 0.00%, Whitelist: 0, IPv4: 0, IPv6: 1, Min Delay: -1 ms, Max Speed: 0.00 M/s, Avg Speed: 0.00 M/s, Max Resolution: None
Category: ☘️宁夏频道, Name: 吴忠综合, Total: 2, Valid: 2, Valid Percent: 100.00%, Whitelist: 0, IPv4: 2, IPv6: 0, Min Delay: 1012 ms, Max Speed: 0.08 M/s, Avg Speed: 0.08 M/s, Max Resolution: 320x240
Category: ☘️宁夏频道, Name: 吴忠公共, Total: 2, Valid: 2, Valid Percent: 100.00%, Whitelist: 0, IPv4: 2, IPv6: 0, Min Delay: 998 ms, Max Speed: 0.08 M/s, Avg Speed: 0.08 M/s, Max Resolution: 320x240
Category: ☘️吉林频道, Name: 延边卫视, Total: 3, Valid: 0, Valid Percent: 0.00%, Whitelist: 0, IPv4: 0, IPv6: 3, Min Delay: -1 ms, Max Speed: 0.00 M/s, Avg Speed: 0.00 M/s, Max Resolution: None
Category: ☘️吉林频道, Name: 吉林乡村, Total: 1, Valid: 1, Valid Percent: 100.00%, Whitelist: 0, IPv4: 1, IPv6: 0, Min Delay: 94 ms, Max Speed: 1.21 M/s, Avg Speed: 1.21 M/s, Max Resolution: None
Category: ☘️吉林频道, Name: 长白山电视台, Total: 1, Valid: 1, Valid Percent: 100.00%, Whitelist: 0, IPv4: 1, IPv6: 0, Min Delay: 708 ms, Max Speed: 0.12 M/s, Avg Speed: 0.12 M/s, Max Resolution: 320x240
Category: ☘️吉林频道, Name: 德惠综合, Total: 2, Valid: 2, Valid Percent: 100.00%, Whitelist: 0, IPv4: 2, IPv6: 0, Min Delay: 1669 ms, Max Speed: 0.96 M/s, Avg Speed: 0.94 M/s, Max Resolution: 720x576
Category: ☘️吉林频道, Name: 九台综合, Total: 3, Valid: 3, Valid Percent: 100.00%, Whitelist: 0, IPv4: 3, IPv6: 0, Min Delay: 1198 ms, Max Speed: 0.48 M/s, Avg Speed: 0.47 M/s, Max Resolution: 720x576
Category: ☘️吉林频道, Name: 长白朝语, Total: 1, Valid: 0, Valid Percent: 0.00%, Whitelist: 0, IPv4: 0, IPv6: 1, Min Delay: -1 ms, Max Speed: 0.00 M/s, Avg Speed: 0.00 M/s, Max Resolution: None
Category: ☘️吉林频道, Name: 靖宇综合, Total: 1, Valid: 1, Valid Percent: 100.00%, Whitelist: 0, IPv4: 1, IPv6: 0, Min Delay: 530 ms, Max Speed: 0.07 M/s, Avg Speed: 0.07 M/s, Max Resolution: None
Category: ☘️吉林频道, Name: 敦化一套, Total: 2, Valid: 2, Valid Percent: 100.00%, Whitelist: 0, IPv4: 2, IPv6: 0, Min Delay: 751 ms, Max Speed: 0.15 M/s, Avg Speed: 0.15 M/s, Max Resolution: 720x576
Category: ☘️吉林频道, Name: 珲春新闻综合, Total: 1, Valid: 0, Valid Percent: 0.00%, Whitelist: 0, IPv4: 0, IPv6: 1, Min Delay: -1 ms, Max Speed: 0.00 M/s, Avg Speed: 0.00 M/s, Max Resolution: None
Category: ☘️吉林频道, Name: 龙井综合, Total: 1, Valid: 1, Valid Percent: 100.00%, Whitelist: 0, IPv4: 1, IPv6: 0, Min Delay: 495 ms, Max Speed: 0.08 M/s, Avg Speed: 0.08 M/s, Max Resolution: None
Category: ☘️吉林频道, Name: 梅河口综合, Total: 1, Valid: 1, Valid Percent: 100.00%, Whitelist: 0, IPv4: 1, IPv6: 0, Min Delay: 484 ms, Max Speed: 0.08 M/s, Avg Speed: 0.08 M/s, Max Resolution: None
Category: ☘️吉林频道, Name: 桦甸综合, Total: 1, Valid: 1, Valid Percent: 100.00%, Whitelist: 0, IPv4: 1, IPv6: 0, Min Delay: 469 ms, Max Speed: 0.08 M/s, Avg Speed: 0.08 M/s, Max Resolution: None
Category: ☘️吉林频道, Name: 磐石综合, Total: 1, Valid: 1, Valid Percent: 100.00%, Whitelist: 0, IPv4: 1, IPv6: 0, Min Delay: 507 ms, Max Speed: 0.08 M/s, Avg Speed: 0.08 M/s, Max Resolution: None
Category: ☘️吉林频道, Name: 舒兰新闻综合, Total: 2, Valid: 2, Valid Percent: 100.00%, Whitelist: 0, IPv4: 2, IPv6: 0, Min Delay: 678 ms, Max Speed: 0.12 M/s, Avg Speed: 0.12 M/s, Max Resolution: 320x240
Category: ☘️吉林频道, Name: 东丰综合, Total: 1, Valid: 1, Valid Percent: 100.00%, Whitelist: 0, IPv4: 1, IPv6: 0, Min Delay: 519 ms, Max Speed: 0.07 M/s, Avg Speed: 0.07 M/s, Max Resolution: None
Category: ☘️吉林频道, Name: 双辽综合, Total: 1, Valid: 1, Valid Percent: 100.00%, Whitelist: 0, IPv4: 1, IPv6: 0, Min Delay: 489 ms, Max Speed: 0.07 M/s, Avg Speed: 0.07 M/s, Max Resolution: None
Category: ☘️吉林频道, Name: 辉南新闻综合, Total: 3, Valid: 3, Valid Percent: 100.00%, Whitelist: 0, IPv4: 3, IPv6: 0, Min Delay: 1142 ms, Max Speed: 0.44 M/s, Avg Speed: 0.43 M/s, Max Resolution: 720x576
Category: ☘️吉林频道, Name: 柳河综合, Total: 1, Valid: 1, Valid Percent: 100.00%, Whitelist: 0, IPv4: 1, IPv6: 0, Min Delay: 490 ms, Max Speed: 0.07 M/s, Avg Speed: 0.07 M/s, Max Resolution: None
Category: ☘️吉林频道, Name: 通化县综合, Total: 1, Valid: 1, Valid Percent: 100.00%, Whitelist: 0, IPv4: 1, IPv6: 0, Min Delay: 503 ms, Max Speed: 0.06 M/s, Avg Speed: 0.06 M/s, Max Resolution: None
Category: ☘️吉林频道, Name: 汪清综合, Total: 3, Valid: 3, Valid Percent: 100.00%, Whitelist: 0, IPv4: 3, IPv6: 0, Min Delay: 684 ms, Max Speed: 0.12 M/s, Avg Speed: 0.12 M/s, Max Resolution: 320x240
Category: ☘️内蒙古频道, Name: 内蒙经济, Total: 1, Valid: 0, Valid Percent: 0.00%, Whitelist: 0, IPv4: 0, IPv6: 1, Min Delay: -1 ms, Max Speed: 0.00 M/s, Avg Speed: 0.00 M/s, Max Resolution: None
Category: ☘️内蒙古频道, Name: 内蒙古经济生活, Total: 1, Valid: 0, Valid Percent: 0.00%, Whitelist: 0, IPv4: 0, IPv6: 1, Min Delay: -1 ms, Max Speed: 0.00 M/s, Avg Speed: 0.00 M/s, Max Resolution: None
Category: ☘️云南频道, Name: 文山州公共, Total: 2, Valid: 0, Valid Percent: 0.00%, Whitelist: 0, IPv4: 0, IPv6: 2, Min Delay: -1 ms, Max Speed: 0.00 M/s, Avg Speed: 0.00 M/s, Max Resolution: None
Category: ☘️云南频道, Name: 文山州新闻综合, Total: 1, Valid: 0, Valid Percent: 0.00%, Whitelist: 0, IPv4: 0, IPv6: 1, Min Delay: -1 ms, Max Speed: 0.00 M/s, Avg Speed: 0.00 M/s, Max Resolution: None
Category: ☘️云南频道, Name: 易门综合, Total: 1, Valid: 1, Valid Percent: 100.00%, Whitelist: 0, IPv4: 1, IPv6: 0, Min Delay: 1255 ms, Max Speed: 0.23 M/s, Avg Speed: 0.23 M/s, Max Resolution: 1920x1080
Category: ☘️云南频道, Name: 石屏综合, Total: 1, Valid: 1, Valid Percent: 100.00%, Whitelist: 0, IPv4: 1, IPv6: 0, Min Delay: 656 ms, Max Speed: 0.02 M/s, Avg Speed: 0.02 M/s, Max Resolution: None
Category: ☘️云南频道, Name: 通海电视台, Total: 1, Valid: 1, Valid Percent: 100.00%, Whitelist: 0, IPv4: 1, IPv6: 0, Min Delay: 1047 ms, Max Speed: 0.18 M/s, Avg Speed: 0.18 M/s, Max Resolution: 1920x1080
Category: ☘️云南频道, Name: 陇川综合, Total: 1, Valid: 1, Valid Percent: 100.00%, Whitelist: 0, IPv4: 1, IPv6: 0, Min Delay: 1722 ms, Max Speed: 0.71 M/s, Avg Speed: 0.71 M/s, Max Resolution: 1920x1080
Category: ☘️云南频道, Name: 麻栗坡电视台, Total: 1, Valid: 1, Valid Percent: 100.00%, Whitelist: 0, IPv4: 1, IPv6: 0, Min Delay: 475 ms, Max Speed: 0.07 M/s, Avg Speed: 0.07 M/s, Max Resolution: 1920x1080
Category: ☘️云南频道, Name: 云南都市, Total: 1, Valid: 1, Valid Percent: 100.00%, Whitelist: 0, IPv4: 1, IPv6: 0, Min Delay: 1447 ms, Max Speed: 0.36 M/s, Avg Speed: 0.36 M/s, Max Resolution: 1280x720
Category: ☘️云南频道, Name: 云南娱乐, Total: 1, Valid: 1, Valid Percent: 100.00%, Whitelist: 0, IPv4: 1, IPv6: 0, Min Delay: 1288 ms, Max Speed: 0.32 M/s, Avg Speed: 0.32 M/s, Max Resolution: 1280x720
Category: ☘️青海频道, Name: 安多卫视, Total: 4, Valid: 0, Valid Percent: 0.00%, Whitelist: 0, IPv4: 0, IPv6: 4, Min Delay: -1 ms, Max Speed: 0.00 M/s, Avg Speed: 0.00 M/s, Max Resolution: None
Category: ☘️青海频道, Name: 西宁新闻综合, Total: 12, Valid: 0, Valid Percent: 0.00%, Whitelist: 0, IPv4: 0, IPv6: 12, Min Delay: -1 ms, Max Speed: 0.00 M/s, Avg Speed: 0.00 M/s, Max Resolution: None
Category: ☘️青海频道, Name: 西宁生活服务, Total: 6, Valid: 0, Valid Percent: 0.00%, Whitelist: 0, IPv4: 0, IPv6: 6, Min Delay: -1 ms, Max Speed: 0.00 M/s, Avg Speed: 0.00 M/s, Max Resolution: None
Category: ☘️青海频道, Name: 青海都市, Total: 2, Valid: 0, Valid Percent: 0.00%, Whitelist: 0, IPv4: 0, IPv6: 2, Min Delay: -1 ms, Max Speed: 0.00 M/s, Avg Speed: 0.00 M/s, Max Resolution: None
Category: ☘️黑龙江频道, Name: 黑龙江文体, Total: 7, Valid: 0, Valid Percent: 0.00%, Whitelist: 0, IPv4: 0, IPv6: 7, Min Delay: -1 ms, Max Speed: 0.00 M/s, Avg Speed: 0.00 M/s, Max Resolution: None
Category: ☘️黑龙江频道, Name: 黑龙江新闻法治, Total: 6, Valid: 0, Valid Percent: 0.00%, Whitelist: 0, IPv4: 0, IPv6: 6, Min Delay: -1 ms, Max Speed: 0.00 M/s, Avg Speed: 0.00 M/s, Max Resolution: None
Category: ☘️黑龙江频道, Name: 黑龙江影视, Total: 5, Valid: 0, Valid Percent: 0.00%, Whitelist: 0, IPv4: 0, IPv6: 5, Min Delay: -1 ms, Max Speed: 0.00 M/s, Avg Speed: 0.00 M/s, Max Resolution: None
Category: ☘️黑龙江频道, Name: 黑龙江都市, Total: 8, Valid: 0, Valid Percent: 0.00%, Whitelist: 0, IPv4: 0, IPv6: 8, Min Delay: -1 ms, Max Speed: 0.00 M/s, Avg Speed: 0.00 M/s, Max Resolution: None
Category: ☘️黑龙江频道, Name: 黑龙江少儿, Total: 4, Valid: 0, Valid Percent: 0.00%, Whitelist: 0, IPv4: 0, IPv6: 4, Min Delay: -1 ms, Max Speed: 0.00 M/s, Avg Speed: 0.00 M/s, Max Resolution: None
Category: ☘️黑龙江频道, Name: 黑龙江新闻, Total: 3, Valid: 0, Valid Percent: 0.00%, Whitelist: 0, IPv4: 0, IPv6: 3, Min Delay: -1 ms, Max Speed: 0.00 M/s, Avg Speed: 0.00 M/s, Max Resolution: None
Category: ☘️黑龙江频道, Name: 哈尔滨新闻综合, Total: 1, Valid: 0, Valid Percent: 0.00%, Whitelist: 0, IPv4: 0, IPv6: 1, Min Delay: -1 ms, Max Speed: 0.00 M/s, Avg Speed: 0.00 M/s, Max Resolution: None
Category: ☘️黑龙江频道, Name: 哈尔滨影视, Total: 6, Valid: 5, Valid Percent: 83.33%, Whitelist: 0, IPv4: 6, IPv6: 0, Min Delay: 183 ms, Max Speed: 0.17 M/s, Avg Speed: 0.11 M/s, Max Resolution: 640x480
Category: ☘️黑龙江频道, Name: 哈尔滨资讯, Total: 1, Valid: 1, Valid Percent: 100.00%, Whitelist: 0, IPv4: 1, IPv6: 0, Min Delay: 729 ms, Max Speed: 0.04 M/s, Avg Speed: 0.04 M/s, Max Resolution: None
Category: ☘️黑龙江频道, Name: 哈尔滨生活, Total: 1, Valid: 1, Valid Percent: 100.00%, Whitelist: 0, IPv4: 1, IPv6: 0, Min Delay: 545 ms, Max Speed: 0.00 M/s, Avg Speed: 0.00 M/s, Max Resolution: None
Category: ☘️黑龙江频道, Name: 哈尔滨娱乐, Total: 1, Valid: 1, Valid Percent: 100.00%, Whitelist: 0, IPv4: 1, IPv6: 0, Min Delay: 713 ms, Max Speed: 0.03 M/s, Avg Speed: 0.03 M/s, Max Resolution: None
Category: ☘️黑龙江频道, Name: 大庆新闻综合, Total: 1, Valid: 0, Valid Percent: 0.00%, Whitelist: 0, IPv4: 0, IPv6: 1, Min Delay: -1 ms, Max Speed: 0.00 M/s, Avg Speed: 0.00 M/s, Max Resolution: None
Category: ☘️黑龙江频道, Name: 鹤岗新闻综合, Total: 3, Valid: 0, Valid Percent: 0.00%, Whitelist: 0, IPv4: 0, IPv6: 3, Min Delay: -1 ms, Max Speed: 0.00 M/s, Avg Speed: 0.00 M/s, Max Resolution: None
Category: ☘️黑龙江频道, Name: 七台河新闻综合, Total: 1, Valid: 1, Valid Percent: 100.00%, Whitelist: 0, IPv4: 1, IPv6: 0, Min Delay: 2008 ms, Max Speed: 0.48 M/s, Avg Speed: 0.48 M/s, Max Resolution: 1280x720
Category: ☘️黑龙江频道, Name: 甘南县综合, Total: 1, Valid: 1, Valid Percent: 100.00%, Whitelist: 0, IPv4: 1, IPv6: 0, Min Delay: 1135 ms, Max Speed: 0.02 M/s, Avg Speed: 0.02 M/s, Max Resolution: 640x480
Category: ☘️黑龙江频道, Name: 齐齐哈尔新闻综合, Total: 3, Valid: 0, Valid Percent: 0.00%, Whitelist: 0, IPv4: 0, IPv6: 3, Min Delay: -1 ms, Max Speed: 0.00 M/s, Avg Speed: 0.00 M/s, Max Resolution: None
Category: ☘️黑龙江频道, Name: 双鸭山综合, Total: 2, Valid: 1, Valid Percent: 50.00%, Whitelist: 0, IPv4: 2, IPv6: 0, Min Delay: 1957 ms, Max Speed: 0.49 M/s, Avg Speed: 0.49 M/s, Max Resolution: 1280x720
Category: 🌊港·澳·台, Name: 翡翠台, Total: 133, Valid: 0, Valid Percent: 0.00%, Whitelist: 0, IPv4: 0, IPv6: 133, Min Delay: -1 ms, Max Speed: 0.00 M/s, Avg Speed: 0.00 M/s, Max Resolution: None
Category: 🌊港·澳·台, Name: 明珠台, Total: 63, Valid: 0, Valid Percent: 0.00%, Whitelist: 0, IPv4: 0, IPv6: 63, Min Delay: -1 ms, Max Speed: 0.00 M/s, Avg Speed: 0.00 M/s, Max Resolution: None
Category: 🌊港·澳·台, Name: 凤凰中文, Total: 96, Valid: 1, Valid Percent: 1.04%, Whitelist: 0, IPv4: 1, IPv6: 95, Min Delay: 436 ms, Max Speed: 0.25 M/s, Avg Speed: 0.25 M/s, Max Resolution: None
Category: 🌊港·澳·台, Name: 凤凰资讯, Total: 99, Valid: 1, Valid Percent: 1.01%, Whitelist: 0, IPv4: 1, IPv6: 98, Min Delay: 215 ms, Max Speed: 0.57 M/s, Avg Speed: 0.57 M/s, Max Resolution: None
Category: 🌊港·澳·台, Name: 凤凰香港, Total: 87, Valid: 0, Valid Percent: 0.00%, Whitelist: 0, IPv4: 0, IPv6: 87, Min Delay: -1 ms, Max Speed: 0.00 M/s, Avg Speed: 0.00 M/s, Max Resolution: None
Category: 🌊港·澳·台, Name: 凤凰卫视, Total: 1, Valid: 0, Valid Percent: 0.00%, Whitelist: 0, IPv4: 0, IPv6: 1, Min Delay: -1 ms, Max Speed: 0.00 M/s, Avg Speed: 0.00 M/s, Max Resolution: None
Category: 🌊港·澳·台, Name: TVBS亚洲, Total: 2, Valid: 1, Valid Percent: 50.00%, Whitelist: 0, IPv4: 1, IPv6: 1, Min Delay: 2264 ms, Max Speed: 1.10 M/s, Avg Speed: 1.10 M/s, Max Resolution: 1920x1080
Category: 🌊港·澳·台, Name: 香港卫视, Total: 12, Valid: 0, Valid Percent: 0.00%, Whitelist: 0, IPv4: 0, IPv6: 12, Min Delay: -1 ms, Max Speed: 0.00 M/s, Avg Speed: 0.00 M/s, Max Resolution: None
Category: 🌊港·澳·台, Name: 纬来体育, Total: 5, Valid: 0, Valid Percent: 0.00%, Whitelist: 0, IPv4: 0, IPv6: 5, Min Delay: -1 ms, Max Speed: 0.00 M/s, Avg Speed: 0.00 M/s, Max Resolution: None
Category: 🌊港·澳·台, Name: 纬来育乐, Total: 10, Valid: 0, Valid Percent: 0.00%, Whitelist: 0, IPv4: 0, IPv6: 10, Min Delay: -1 ms, Max Speed: 0.00 M/s, Avg Speed: 0.00 M/s, Max Resolution: None
Category: 🌊港·澳·台, Name: J2, Total: 1, Valid: 0, Valid Percent: 0.00%, Whitelist: 0, IPv4: 0, IPv6: 1, Min Delay: -1 ms, Max Speed: 0.00 M/s, Avg Speed: 0.00 M/s, Max Resolution: None
Category: 🌊港·澳·台, Name: Viutv, Total: 1, Valid: 0, Valid Percent: 0.00%, Whitelist: 0, IPv4: 0, IPv6: 1, Min Delay: -1 ms, Max Speed: 0.00 M/s, Avg Speed: 0.00 M/s, Max Resolution: None
Category: 🌊港·澳·台, Name: 三立台湾, Total: 1, Valid: 0, Valid Percent: 0.00%, Whitelist: 0, IPv4: 0, IPv6: 1, Min Delay: -1 ms, Max Speed: 0.00 M/s, Avg Speed: 0.00 M/s, Max Resolution: None
Category: 🌊港·澳·台, Name: 三立新闻, Total: 8, Valid: 0, Valid Percent: 0.00%, Whitelist: 0, IPv4: 0, IPv6: 8, Min Delay: -1 ms, Max Speed: 0.00 M/s, Avg Speed: 0.00 M/s, Max Resolution: None
Category: 🌊港·澳·台, Name: 东森综合, Total: 1, Valid: 0, Valid Percent: 0.00%, Whitelist: 0, IPv4: 0, IPv6: 1, Min Delay: -1 ms, Max Speed: 0.00 M/s, Avg Speed: 0.00 M/s, Max Resolution: None
Category: 🌊港·澳·台, Name: 东森超视, Total: 11, Valid: 1, Valid Percent: 9.09%, Whitelist: 0, IPv4: 1, IPv6: 10, Min Delay: 986 ms, Max Speed: 1.06 M/s, Avg Speed: 1.06 M/s, Max Resolution: 1920x1080
Category: 🌊港·澳·台, Name: 东森电影, Total: 2, Valid: 0, Valid Percent: 0.00%, Whitelist: 0, IPv4: 0, IPv6: 2, Min Delay: -1 ms, Max Speed: 0.00 M/s, Avg Speed: 0.00 M/s, Max Resolution: None
Category: 🌊港·澳·台, Name: Now剧集, Total: 1, Valid: 0, Valid Percent: 0.00%, Whitelist: 0, IPv4: 1, IPv6: 0, Min Delay: 127 ms, Max Speed: 0.00 M/s, Avg Speed: 0.00 M/s, Max Resolution: None
Category: 🌊港·澳·台, Name: Now华剧, Total: 1, Valid: 1, Valid Percent: 100.00%, Whitelist: 0, IPv4: 1, IPv6: 0, Min Delay: 1050 ms, Max Speed: 1.01 M/s, Avg Speed: 1.01 M/s, Max Resolution: 1024x576
Category: 🌊港·澳·台, Name: 靖天资讯, Total: 12, Valid: 0, Valid Percent: 0.00%, Whitelist: 0, IPv4: 0, IPv6: 12, Min Delay: -1 ms, Max Speed: 0.00 M/s, Avg Speed: 0.00 M/s, Max Resolution: None
Category: 🎬电影频道, Name: CHC家庭影院, Total: 11, Valid: 2, Valid Percent: 18.18%, Whitelist: 0, IPv4: 2, IPv6: 9, Min Delay: 50 ms, Max Speed: 20.88 M/s, Avg Speed: 20.42 M/s, Max Resolution: 1920x1080
Category: 🎬电影频道, Name: CHC动作电影, Total: 10, Valid: 2, Valid Percent: 20.00%, Whitelist: 0, IPv4: 2, IPv6: 8, Min Delay: 58 ms, Max Speed: 17.48 M/s, Avg Speed: 16.31 M/s, Max Resolution: 1920x1080
Category: 🎬电影频道, Name: 淘剧场, Total: 3, Valid: 0, Valid Percent: 0.00%, Whitelist: 0, IPv4: 0, IPv6: 3, Min Delay: -1 ms, Max Speed: 0.00 M/s, Avg Speed: 0.00 M/s, Max Resolution: None
Category: 🎬电影频道, Name: 淘娱乐, Total: 3, Valid: 0, Valid Percent: 0.00%, Whitelist: 0, IPv4: 0, IPv6: 3, Min Delay: -1 ms, Max Speed: 0.00 M/s, Avg Speed: 0.00 M/s, Max Resolution: None
Category: 🎬电影频道, Name: 淘电影, Total: 8, Valid: 0, Valid Percent: 0.00%, Whitelist: 0, IPv4: 0, IPv6: 8, Min Delay: -1 ms, Max Speed: 0.00 M/s, Avg Speed: 0.00 M/s, Max Resolution: None
Category: 🎬电影频道, Name: NewTV惊悚悬疑, Total: 9, Valid: 0, Valid Percent: 0.00%, Whitelist: 0, IPv4: 0, IPv6: 9, Min Delay: -1 ms, Max Speed: 0.00 M/s, Avg Speed: 0.00 M/s, Max Resolution: None
Category: 🎬电影频道, Name: NewTV动作电影, Total: 3, Valid: 0, Valid Percent: 0.00%, Whitelist: 0, IPv4: 0, IPv6: 3, Min Delay: -1 ms, Max Speed: 0.00 M/s, Avg Speed: 0.00 M/s, Max Resolution: None
Category: 🎬电影频道, Name: 纬来电影, Total: 15, Valid: 0, Valid Percent: 0.00%, Whitelist: 0, IPv4: 0, IPv6: 15, Min Delay: -1 ms, Max Speed: 0.00 M/s, Avg Speed: 0.00 M/s, Max Resolution: None
Category: 🎬电影频道, Name: 靖天映画, Total: 6, Valid: 0, Valid Percent: 0.00%, Whitelist: 0, IPv4: 0, IPv6: 6, Min Delay: -1 ms, Max Speed: 0.00 M/s, Avg Speed: 0.00 M/s, Max Resolution: None
Category: 🎬电影频道, Name: 靖天戏剧, Total: 12, Valid: 0, Valid Percent: 0.00%, Whitelist: 0, IPv4: 0, IPv6: 12, Min Delay: -1 ms, Max Speed: 0.00 M/s, Avg Speed: 0.00 M/s, Max Resolution: None
Category: 🎬电影频道, Name: 经典电影, Total: 6, Valid: 0, Valid Percent: 0.00%, Whitelist: 0, IPv4: 0, IPv6: 6, Min Delay: -1 ms, Max Speed: 0.00 M/s, Avg Speed: 0.00 M/s, Max Resolution: None
Category: 🎬电影频道, Name: IPTV经典电影, Total: 1, Valid: 1, Valid Percent: 100.00%, Whitelist: 0, IPv4: 1, IPv6: 0, Min Delay: 45 ms, Max Speed: 9.98 M/s, Avg Speed: 9.98 M/s, Max Resolution: 1920x1080
Category: 🎬电影频道, Name: 天映经典, Total: 21, Valid: 0, Valid Percent: 0.00%, Whitelist: 0, IPv4: 0, IPv6: 21, Min Delay: -1 ms, Max Speed: 0.00 M/s, Avg Speed: 0.00 M/s, Max Resolution: None
Category: 🎬电影频道, Name: 无线星河, Total: 7, Valid: 0, Valid Percent: 0.00%, Whitelist: 0, IPv4: 0, IPv6: 7, Min Delay: -1 ms, Max Speed: 0.00 M/s, Avg Speed: 0.00 M/s, Max Resolution: None
Category: 🎬电影频道, Name: 星空卫视, Total: 5, Valid: 0, Valid Percent: 0.00%, Whitelist: 0, IPv4: 0, IPv6: 5, Min Delay: -1 ms, Max Speed: 0.00 M/s, Avg Speed: 0.00 M/s, Max Resolution: None
Category: 🎬电影频道, Name: 东森电影, Total: 2, Valid: 0, Valid Percent: 0.00%, Whitelist: 0, IPv4: 0, IPv6: 2, Min Delay: -1 ms, Max Speed: 0.00 M/s, Avg Speed: 0.00 M/s, Max Resolution: None
Category: 🎬电影频道, Name: 龙祥电影, Total: 1, Valid: 0, Valid Percent: 0.00%, Whitelist: 0, IPv4: 0, IPv6: 1, Min Delay: -1 ms, Max Speed: 0.00 M/s, Avg Speed: 0.00 M/s, Max Resolution: None
Category: 🎬电影频道, Name: 东森洋片, Total: 12, Valid: 0, Valid Percent: 0.00%, Whitelist: 0, IPv4: 0, IPv6: 12, Min Delay: -1 ms, Max Speed: 0.00 M/s, Avg Speed: 0.00 M/s, Max Resolution: None
Category: 🎬电影频道, Name: 东森超视, Total: 10, Valid: 0, Valid Percent: 0.00%, Whitelist: 0, IPv4: 0, IPv6: 10, Min Delay: -1 ms, Max Speed: 0.00 M/s, Avg Speed: 0.00 M/s, Max Resolution: None
Category: 🏀体育频道, Name: CCTV-5, Total: 102, Valid: 0, Valid Percent: 0.00%, Whitelist: 0, IPv4: 0, IPv6: 102, Min Delay: -1 ms, Max Speed: 0.00 M/s, Avg Speed: 0.00 M/s, Max Resolution: None
Category: 🏀体育频道, Name: CCTV-5+, Total: 12, Valid: 0, Valid Percent: 0.00%, Whitelist: 0, IPv4: 0, IPv6: 12, Min Delay: -1 ms, Max Speed: 0.00 M/s, Avg Speed: 0.00 M/s, Max Resolution: None
Category: 🏀体育频道, Name: 广东体育, Total: 96, Valid: 0, Valid Percent: 0.00%, Whitelist: 0, IPv4: 0, IPv6: 96, Min Delay: -1 ms, Max Speed: 0.00 M/s, Avg Speed: 0.00 M/s, Max Resolution: None
Category: 🏀体育频道, Name: 纬来体育, Total: 5, Valid: 0, Valid Percent: 0.00%, Whitelist: 0, IPv4: 0, IPv6: 5, Min Delay: -1 ms, Max Speed: 0.00 M/s, Avg Speed: 0.00 M/s, Max Resolution: None
Category: 🏀体育频道, Name: 五星体育, Total: 51, Valid: 0, Valid Percent: 0.00%, Whitelist: 0, IPv4: 0, IPv6: 51, Min Delay: -1 ms, Max Speed: 0.00 M/s, Avg Speed: 0.00 M/s, Max Resolution: None
Category: 🏀体育频道, Name: 劲爆体育, Total: 2, Valid: 0, Valid Percent: 0.00%, Whitelist: 0, IPv4: 0, IPv6: 2, Min Delay: -1 ms, Max Speed: 0.00 M/s, Avg Speed: 0.00 M/s, Max Resolution: None
Category: 🏀体育频道, Name: 爱体育, Total: 5, Valid: 0, Valid Percent: 0.00%, Whitelist: 0, IPv4: 0, IPv6: 5, Min Delay: -1 ms, Max Speed: 0.00 M/s, Avg Speed: 0.00 M/s, Max Resolution: None
Category: 🏀体育频道, Name: 广州竞赛, Total: 10, Valid: 0, Valid Percent: 0.00%, Whitelist: 0, IPv4: 0, IPv6: 10, Min Delay: -1 ms, Max Speed: 0.00 M/s, Avg Speed: 0.00 M/s, Max Resolution: None
Category: 🏀体育频道, Name: 辽宁体育, Total: 1, Valid: 1, Valid Percent: 100.00%, Whitelist: 0, IPv4: 1, IPv6: 0, Min Delay: 10408 ms, Max Speed: 0.00 M/s, Avg Speed: 0.00 M/s, Max Resolution: None
Category: 🏀体育频道, Name: 山东体育, Total: 11, Valid: 0, Valid Percent: 0.00%, Whitelist: 0, IPv4: 0, IPv6: 11, Min Delay: -1 ms, Max Speed: 0.00 M/s, Avg Speed: 0.00 M/s, Max Resolution: None
Category: 🏀体育频道, Name: 天津体育, Total: 3, Valid: 3, Valid Percent: 100.00%, Whitelist: 0, IPv4: 3, IPv6: 0, Min Delay: 426 ms, Max Speed: 4.92 M/s, Avg Speed: 1.66 M/s, Max Resolution: 1920x1080
Category: 🏀体育频道, Name: 江苏体育, Total: 10, Valid: 0, Valid Percent: 0.00%, Whitelist: 0, IPv4: 0, IPv6: 10, Min Delay: -1 ms, Max Speed: 0.00 M/s, Avg Speed: 0.00 M/s, Max Resolution: None
Category: 🏀体育频道, Name: 安徽综艺体育, Total: 5, Valid: 0, Valid Percent: 0.00%, Whitelist: 0, IPv4: 0, IPv6: 5, Min Delay: -1 ms, Max Speed: 0.00 M/s, Avg Speed: 0.00 M/s, Max Resolution: None
Category: 🏀体育频道, Name: 睛彩篮球, Total: 2, Valid: 0, Valid Percent: 0.00%, Whitelist: 0, IPv4: 0, IPv6: 2, Min Delay: -1 ms, Max Speed: 0.00 M/s, Avg Speed: 0.00 M/s, Max Resolution: None
Category: 🏀体育频道, Name: 睛彩广场舞, Total: 8, Valid: 0, Valid Percent: 0.00%, Whitelist: 0, IPv4: 0, IPv6: 8, Min Delay: -1 ms, Max Speed: 0.00 M/s, Avg Speed: 0.00 M/s, Max Resolution: None
Category: 🏀体育频道, Name: 风云足球, Total: 4, Valid: 0, Valid Percent: 0.00%, Whitelist: 0, IPv4: 0, IPv6: 4, Min Delay: -1 ms, Max Speed: 0.00 M/s, Avg Speed: 0.00 M/s, Max Resolution: None
Category: 🏀体育频道, Name: 魅力足球, Total: 7, Valid: 0, Valid Percent: 0.00%, Whitelist: 0, IPv4: 0, IPv6: 7, Min Delay: -1 ms, Max Speed: 0.00 M/s, Avg Speed: 0.00 M/s, Max Resolution: None
Category: 🏀体育频道, Name: 天元围棋, Total: 1, Valid: 0, Valid Percent: 0.00%, Whitelist: 0, IPv4: 0, IPv6: 1, Min Delay: -1 ms, Max Speed: 0.00 M/s, Avg Speed: 0.00 M/s, Max Resolution: None
Category: 🏀体育频道, Name: 快乐垂钓, Total: 35, Valid: 2, Valid Percent: 5.71%, Whitelist: 0, IPv4: 2, IPv6: 33, Min Delay: 58 ms, Max Speed: 17.91 M/s, Avg Speed: 8.98 M/s, Max Resolution: 1920x1080
Category: 🏀体育频道, Name: JJ斗地主, Total: 1, Valid: 0, Valid Percent: 0.00%, Whitelist: 0, IPv4: 0, IPv6: 1, Min Delay: -1 ms, Max Speed: 0.00 M/s, Avg Speed: 0.00 M/s, Max Resolution: None
Category: 🪁动画频道, Name: 卡酷动画, Total: 43, Valid: 0, Valid Percent: 0.00%, Whitelist: 0, IPv4: 0, IPv6: 43, Min Delay: -1 ms, Max Speed: 0.00 M/s, Avg Speed: 0.00 M/s, Max Resolution: None
Category: 🪁动画频道, Name: 动漫秀场, Total: 11, Valid: 0, Valid Percent: 0.00%, Whitelist: 0, IPv4: 0, IPv6: 11, Min Delay: -1 ms, Max Speed: 0.00 M/s, Avg Speed: 0.00 M/s, Max Resolution: None
Category: 🪁动画频道, Name: 新动漫, Total: 44, Valid: 1, Valid Percent: 2.27%, Whitelist: 0, IPv4: 1, IPv6: 43, Min Delay: 61 ms, Max Speed: 17.11 M/s, Avg Speed: 17.11 M/s, Max Resolution: 1920x1080
Category: 🪁动画频道, Name: 爱动漫, Total: 4, Valid: 0, Valid Percent: 0.00%, Whitelist: 0, IPv4: 0, IPv6: 4, Min Delay: -1 ms, Max Speed: 0.00 M/s, Avg Speed: 0.00 M/s, Max Resolution: None
Category: 🪁动画频道, Name: CN卡通, Total: 2, Valid: 0, Valid Percent: 0.00%, Whitelist: 0, IPv4: 0, IPv6: 2, Min Delay: -1 ms, Max Speed: 0.00 M/s, Avg Speed: 0.00 M/s, Max Resolution: None
Category: 🪁动画频道, Name: 优漫卡通, Total: 3, Valid: 0, Valid Percent: 0.00%, Whitelist: 0, IPv4: 0, IPv6: 3, Min Delay: -1 ms, Max Speed: 0.00 M/s, Avg Speed: 0.00 M/s, Max Resolution: None
Category: 🪁动画频道, Name: 金鹰卡通, Total: 10, Valid: 0, Valid Percent: 0.00%, Whitelist: 0, IPv4: 0, IPv6: 10, Min Delay: -1 ms, Max Speed: 0.00 M/s, Avg Speed: 0.00 M/s, Max Resolution: None
Category: 🪁动画频道, Name: 炫动卡通, Total: 42, Valid: 0, Valid Percent: 0.00%, Whitelist: 0, IPv4: 0, IPv6: 42, Min Delay: -1 ms, Max Speed: 0.00 M/s, Avg Speed: 0.00 M/s, Max Resolution: None
Category: 🪁动画频道, Name: 浙江少儿, Total: 4, Valid: 0, Valid Percent: 0.00%, Whitelist: 0, IPv4: 0, IPv6: 4, Min Delay: -1 ms, Max Speed: 0.00 M/s, Avg Speed: 0.00 M/s, Max Resolution: None
Category: 🪁动画频道, Name: 河北少儿科教, Total: 10, Valid: 0, Valid Percent: 0.00%, Whitelist: 0, IPv4: 0, IPv6: 10, Min Delay: -1 ms, Max Speed: 0.00 M/s, Avg Speed: 0.00 M/s, Max Resolution: None
Category: 🪁动画频道, Name: 七龙珠, Total: 1, Valid: 0, Valid Percent: 0.00%, Whitelist: 0, IPv4: 0, IPv6: 1, Min Delay: -1 ms, Max Speed: 0.00 M/s, Avg Speed: 0.00 M/s, Max Resolution: None
Category: 🪁动画频道, Name: 火影忍者, Total: 1, Valid: 0, Valid Percent: 0.00%, Whitelist: 0, IPv4: 0, IPv6: 1, Min Delay: -1 ms, Max Speed: 0.00 M/s, Avg Speed: 0.00 M/s, Max Resolution: None
Category: 🪁动画频道, Name: 海绵宝宝, Total: 1, Valid: 0, Valid Percent: 0.00%, Whitelist: 0, IPv4: 0, IPv6: 1, Min Delay: -1 ms, Max Speed: 0.00 M/s, Avg Speed: 0.00 M/s, Max Resolution: None
Category: 🪁动画频道, Name: 中华小当家, Total: 2, Valid: 0, Valid Percent: 0.00%, Whitelist: 0, IPv4: 0, IPv6: 2, Min Delay: -1 ms, Max Speed: 0.00 M/s, Avg Speed: 0.00 M/s, Max Resolution: None
Category: 🪁动画频道, Name: 猫和老鼠, Total: 2, Valid: 0, Valid Percent: 0.00%, Whitelist: 0, IPv4: 0, IPv6: 2, Min Delay: -1 ms, Max Speed: 0.00 M/s, Avg Speed: 0.00 M/s, Max Resolution: None
Category: 🪁动画频道, Name: 蜡笔小新, Total: 1, Valid: 1, Valid Percent: 100.00%, Whitelist: 0, IPv4: 1, IPv6: 0, Min Delay: 42 ms, Max Speed: 10.87 M/s, Avg Speed: 10.87 M/s, Max Resolution: 1920x1080
Category: 🪁动画频道, Name: 漫画解说, Total: 2, Valid: 0, Valid Percent: 0.00%, Whitelist: 0, IPv4: 0, IPv6: 2, Min Delay: -1 ms, Max Speed: 0.00 M/s, Avg Speed: 0.00 M/s, Max Resolution: None
Category: 🎮游戏频道, Name: 游戏风云, Total: 3, Valid: 0, Valid Percent: 0.00%, Whitelist: 0, IPv4: 0, IPv6: 3, Min Delay: -1 ms, Max Speed: 0.00 M/s, Avg Speed: 0.00 M/s, Max Resolution: None
Category: 🎮游戏频道, Name: 爱电竞, Total: 1, Valid: 0, Valid Percent: 0.00%, Whitelist: 0, IPv4: 0, IPv6: 1, Min Delay: -1 ms, Max Speed: 0.00 M/s, Avg Speed: 0.00 M/s, Max Resolution: None
Category: 🎵音乐频道, Name: CCTV-15, Total: 56, Valid: 0, Valid Percent: 0.00%, Whitelist: 0, IPv4: 0, IPv6: 56, Min Delay: -1 ms, Max Speed: 0.00 M/s, Avg Speed: 0.00 M/s, Max Resolution: None
Category: 🎵音乐频道, Name: 风云音乐, Total: 2, Valid: 0, Valid Percent: 0.00%, Whitelist: 0, IPv4: 0, IPv6: 2, Min Delay: -1 ms, Max Speed: 0.00 M/s, Avg Speed: 0.00 M/s, Max Resolution: None
Category: 🎵音乐频道, Name: 音乐现场, Total: 2, Valid: 2, Valid Percent: 100.00%, Whitelist: 0, IPv4: 2, IPv6: 0, Min Delay: 71 ms, Max Speed: 1.48 M/s, Avg Speed: 1.32 M/s, Max Resolution: None
Category: 🎵音乐频道, Name: 潮流音乐, Total: 1, Valid: 1, Valid Percent: 100.00%, Whitelist: 0, IPv4: 1, IPv6: 0, Min Delay: 3663 ms, Max Speed: 0.18 M/s, Avg Speed: 0.18 M/s, Max Resolution: None
Category: 🎵音乐频道, Name: 音乐广播, Total: 40, Valid: 0, Valid Percent: 0.00%, Whitelist: 0, IPv4: 0, IPv6: 40, Min Delay: -1 ms, Max Speed: 0.00 M/s, Avg Speed: 0.00 M/s, Max Resolution: None
Category: 🏛经典剧场, Name: 笑傲江湖, Total: 1, Valid: 0, Valid Percent: 0.00%, Whitelist: 0, IPv4: 0, IPv6: 1, Min Delay: -1 ms, Max Speed: 0.00 M/s, Avg Speed: 0.00 M/s, Max Resolution: None
Category: 🏛经典剧场, Name: 天龙八部, Total: 1, Valid: 0, Valid Percent: 0.00%, Whitelist: 0, IPv4: 0, IPv6: 1, Min Delay: -1 ms, Max Speed: 0.00 M/s, Avg Speed: 0.00 M/s, Max Resolution: None
Category: 🏛经典剧场, Name: 鹿鼎记, Total: 1, Valid: 1, Valid Percent: 100.00%, Whitelist: 0, IPv4: 1, IPv6: 0, Min Delay: 43 ms, Max Speed: 10.26 M/s, Avg Speed: 10.26 M/s, Max Resolution: 800x600
Category: 🏛经典剧场, Name: 仙剑奇侠传, Total: 1, Valid: 1, Valid Percent: 100.00%, Whitelist: 0, IPv4: 1, IPv6: 0, Min Delay: 53 ms, Max Speed: 9.98 M/s, Avg Speed: 9.98 M/s, Max Resolution: 1920x1080
Category: 🏛经典剧场, Name: 西游记, Total: 3, Valid: 0, Valid Percent: 0.00%, Whitelist: 0, IPv4: 0, IPv6: 3, Min Delay: -1 ms, Max Speed: 0.00 M/s, Avg Speed: 0.00 M/s, Max Resolution: None
Category: 🏛经典剧场, Name: 三国演义, Total: 1, Valid: 0, Valid Percent: 0.00%, Whitelist: 0, IPv4: 0, IPv6: 1, Min Delay: -1 ms, Max Speed: 0.00 M/s, Avg Speed: 0.00 M/s, Max Resolution: None
Category: 🏛经典剧场, Name: 水浒传, Total: 1, Valid: 0, Valid Percent: 0.00%, Whitelist: 0, IPv4: 0, IPv6: 1, Min Delay: -1 ms, Max Speed: 0.00 M/s, Avg Speed: 0.00 M/s, Max Resolution: None
Category: 🏛经典剧场, Name: 新白娘子传奇, Total: 1, Valid: 1, Valid Percent: 100.00%, Whitelist: 0, IPv4: 1, IPv6: 0, Min Delay: 83 ms, Max Speed: 9.48 M/s, Avg Speed: 9.48 M/s, Max Resolution: 800x600
Category: 🏛经典剧场, Name: 封神榜, Total: 1, Valid: 1, Valid Percent: 100.00%, Whitelist: 0, IPv4: 1, IPv6: 0, Min Delay: 675 ms, Max Speed: 0.74 M/s, Avg Speed: 0.74 M/s, Max Resolution: 1920x1080
Category: 🏛经典剧场, Name: 闯关东, Total: 1, Valid: 1, Valid Percent: 100.00%, Whitelist: 0, IPv4: 1, IPv6: 0, Min Delay: 70 ms, Max Speed: 1.48 M/s, Avg Speed: 1.48 M/s, Max Resolution: 1280x720
Category: 🏛经典剧场, Name: 射雕英雄传, Total: 1, Valid: 1, Valid Percent: 100.00%, Whitelist: 0, IPv4: 1, IPv6: 0, Min Delay: 294 ms, Max Speed: 0.55 M/s, Avg Speed: 0.55 M/s, Max Resolution: 1274x670
